"","date","home_team","away_team","ft_home","fg_home","threes_home","ft_away","fg_away","threes_away"
"1","10/24/2023","Denver","LA Lakers",9,34,14,15,31,10
"2","10/24/2023","Golden State","Phoenix",22,26,10,13,31,11
"3","10/25/2023","Orlando","Houston",23,33,9,10,20,12
"4","10/25/2023","New York","Boston",14,18,18,22,25,12
"5","10/25/2023","Indiana","Washington",11,36,20,23,35,9
"6","10/25/2023","Charlotte","Atlanta",19,32,11,27,34,5
"7","10/25/2023","Toronto","Minnesota",11,22,14,18,26,8
"8","10/25/2023","Miami","Detroit",21,29,8,9,30,11
"9","10/25/2023","Brooklyn","Cleveland",20,33,9,9,27,17
"10","10/25/2023","Memphis","New Orleans",16,26,12,17,26,14
"11","10/25/2023","Chicago","Oklahoma City",14,27,12,15,26,19
"12","10/25/2023","Utah","Sacramento",23,32,9,17,28,19
"13","10/25/2023","San Antonio","Dallas",16,35,11,17,32,15
"14","10/25/2023","LA Clippers","Portland",13,31,16,13,34,10
"15","10/26/2023","Milwaukee","Philadelphia",25,30,11,19,25,16
"16","10/26/2023","LA Lakers","Phoenix",23,31,5,18,25,9
"17","10/27/2023","Memphis","Denver",20,27,10,12,27,14
"18","10/27/2023","Charlotte","Detroit",26,26,7,21,30,10
"19","10/27/2023","Cleveland","Oklahoma City",17,26,12,15,27,13
"20","10/27/2023","Boston","Miami",13,29,16,19,22,16
"21","10/27/2023","Atlanta","New York",24,30,12,20,23,20
"22","10/27/2023","San Antonio","Houston",21,33,13,10,44,8
"23","10/27/2023","Chicago","Toronto",22,29,8,16,30,9
"24","10/27/2023","Dallas","Brooklyn",22,29,15,9,24,21
"25","10/27/2023","Utah","LA Clippers",20,26,16,22,27,14
"26","10/27/2023","Sacramento","Golden State",20,29,12,12,34,14
"27","10/27/2023","Portland","Orlando",18,26,9,21,27,9
"28","10/28/2023","New Orleans","New York",7,31,9,14,26,7
"29","10/28/2023","Washington","Memphis",17,24,16,9,20,19
"30","10/28/2023","Detroit","Chicago",16,33,12,13,28,11
"31","10/28/2023","Toronto","Philadelphia",14,21,17,18,33,10
"32","10/28/2023","Cleveland","Indiana",15,31,12,14,33,15
"33","10/28/2023","Minnesota","Miami",6,32,12,8,23,12
"34","10/28/2023","Phoenix","Utah",26,35,10,12,28,12
"35","10/29/2023","Oklahoma City","Denver",15,31,6,11,42,11
"36","10/29/2023","Milwaukee","Atlanta",16,23,16,18,32,15
"37","10/29/2023","Houston","Golden State",18,25,9,18,17,18
"38","10/29/2023","Philadelphia","Portland",35,29,11,19,29,7
"39","10/29/2023","Sacramento","LA Lakers",17,32,17,26,28,15
"40","10/29/2023","LA Clippers","San Antonio",13,31,16,12,19,11
"41","10/30/2023","Washington","Boston",18,28,11,5,32,19
"42","10/30/2023","Indiana","Chicago",21,24,12,26,34,6
"43","10/30/2023","Charlotte","Brooklyn",19,39,8,23,37,12
"44","10/30/2023","Toronto","Portland",11,34,4,12,27,11
"45","10/30/2023","Atlanta","Minnesota",17,34,14,9,28,16
"46","10/30/2023","Oklahoma City","Detroit",23,31,13,19,24,15
"47","10/30/2023","New Orleans","Golden State",16,28,10,13,36,15
"48","10/30/2023","Milwaukee","Miami",22,32,12,19,28,13
"49","10/30/2023","Memphis","Dallas",12,28,14,18,19,23
"50","10/30/2023","Denver","Utah",7,38,9,7,31,11
"51","10/30/2023","LA Lakers","Orlando",14,34,8,13,24,14
"52","10/31/2023","Cleveland","New York",9,26,10,20,25,13
"53","10/31/2023","Phoenix","San Antonio",12,24,18,15,29,14
"54","10/31/2023","LA Clippers","Orlando",16,30,14,19,31,7
"55","11/01/2023","Toronto","Milwaukee",13,36,15,28,22,13
"56","11/01/2023","Detroit","Portland",10,29,11,27,31,7
"57","11/01/2023","Oklahoma City","New Orleans",23,31,7,17,27,13
"58","11/01/2023","New York","Cleveland",20,27,5,19,20,12
"59","11/01/2023","Miami","Brooklyn",14,26,13,19,21,16
"60","11/01/2023","Boston","Indiana",27,34,20,7,41,5
"61","11/01/2023","Atlanta","Washington",29,37,9,9,41,10
"62","11/01/2023","Minnesota","Denver",26,30,8,7,32,6
"63","11/01/2023","Houston","Charlotte",19,23,21,18,34,11
"64","11/01/2023","Dallas","Chicago",20,17,20,10,31,11
"65","11/01/2023","Utah","Memphis",17,25,22,25,21,14
"66","11/01/2023","LA Lakers","LA Clippers",27,35,11,17,33,14
"67","11/01/2023","Golden State","Sacramento",13,28,11,18,25,11
"68","11/02/2023","Philadelphia","Toronto",21,33,9,13,28,10
"69","11/02/2023","New Orleans","Detroit",33,25,14,21,28,13
"70","11/02/2023","Utah","Orlando",19,29,12,27,29,10
"71","11/02/2023","Phoenix","San Antonio",19,27,16,12,33,18
"72","11/03/2023","Indiana","Cleveland",16,30,15,20,36,8
"73","11/03/2023","Milwaukee","New York",20,15,20,19,28,10
"74","11/03/2023","Oklahoma City","Golden State",24,35,15,25,31,18
"75","11/03/2023","Chicago","Brooklyn",10,32,11,3,26,18
"76","11/03/2023","Miami","Washington",12,35,13,9,33,13
"77","11/03/2023","Portland","Memphis",28,30,9,9,37,10
"78","11/03/2023","Denver","Dallas",14,36,13,15,24,17
"79","11/04/2023","Philadelphia","Phoenix",15,32,11,27,23,9
"80","11/04/2023","New Orleans","Atlanta",17,32,8,19,31,14
"81","11/04/2023","Orlando","LA Lakers",16,34,12,19,29,8
"82","11/04/2023","Indiana","Charlotte",12,23,22,23,39,8
"83","11/04/2023","Minnesota","Utah",24,36,9,13,23,12
"84","11/04/2023","Houston","Sacramento",14,27,13,14,21,11
"85","11/04/2023","Brooklyn","Boston",11,26,17,23,28,15
"86","11/04/2023","Denver","Chicago",23,26,16,16,32,7
"87","11/05/2023","Detroit","Phoenix",12,35,8,26,35,8
"88","11/05/2023","San Antonio","Toronto",10,38,10,16,25,19
"89","11/05/2023","Cleveland","Golden State",22,30,11,20,18,16
"90","11/05/2023","Dallas","Charlotte",24,29,14,12,41,8
"91","11/05/2023","Portland","Memphis",12,23,14,9,32,13
"92","11/06/2023","Philadelphia","Washington",32,39,12,16,35,14
"93","11/06/2023","Orlando","Dallas",14,32,8,20,26,15
"94","11/06/2023","Indiana","San Antonio",22,35,20,23,32,8
"95","11/06/2023","Detroit","Golden State",20,25,13,16,34,12
"96","11/06/2023","New York","LA Clippers",17,29,12,14,25,11
"97","11/06/2023","Miami","LA Lakers",14,29,12,11,36,8
"98","11/06/2023","Brooklyn","Milwaukee",11,33,16,21,30,16
"99","11/06/2023","Oklahoma City","Atlanta",22,31,14,27,24,14
"100","11/06/2023","Minnesota","Boston",13,31,13,26,25,11
"101","11/06/2023","Houston","Sacramento",21,28,15,11,22,14
"102","11/06/2023","Chicago","Utah",16,30,18,15,25,16
"103","11/06/2023","Denver","New Orleans",17,36,15,13,32,13
"104","11/08/2023","Philadelphia","Boston",13,33,9,16,21,15
"105","11/08/2023","Indiana","Utah",17,39,13,17,34,11
"106","11/08/2023","Charlotte","Washington",26,33,8,20,29,18
"107","11/08/2023","New York","San Antonio",15,27,19,8,35,9
"108","11/08/2023","Brooklyn","LA Clippers",11,22,15,13,28,8
"109","11/08/2023","Oklahoma City","Cleveland",28,32,12,27,33,9
"110","11/08/2023","Minnesota","New Orleans",17,30,15,21,28,8
"111","11/08/2023","Milwaukee","Detroit",27,30,11,15,41,7
"112","11/08/2023","Memphis","Miami",21,24,11,27,24,11
"113","11/08/2023","Houston","LA Lakers",12,37,14,15,29,7
"114","11/08/2023","Chicago","Phoenix",17,28,14,21,19,19
"115","11/08/2023","Dallas","Toronto",19,23,17,18,38,11
"116","11/08/2023","Sacramento","Portland",28,30,11,22,36,8
"117","11/08/2023","Denver","Golden State",15,30,11,20,26,11
"118","11/09/2023","Indiana","Milwaukee",18,24,20,23,37,9
"119","11/10/2023","Washington","Charlotte",17,29,14,18,44,6
"120","11/10/2023","Detroit","Philadelphia",18,32,8,35,26,9
"121","11/10/2023","Boston","Brooklyn",20,22,19,16,23,15
"122","11/10/2023","San Antonio","Minnesota",12,31,12,21,33,10
"123","11/10/2023","Memphis","Utah",10,27,19,27,23,18
"124","11/10/2023","Houston","New Orleans",22,26,10,25,26,8
"125","11/10/2023","Dallas","LA Clippers",23,32,19,32,35,8
"126","11/10/2023","Sacramento","Oklahoma City",16,25,13,13,32,7
"127","11/10/2023","Phoenix","LA Lakers",20,27,15,26,30,12
"128","11/11/2023","Orlando","Milwaukee",30,26,10,12,29,9
"129","11/11/2023","Boston","Toronto",8,32,15,14,25,10
"130","11/11/2023","Atlanta","Miami",15,20,18,23,29,12
"131","11/11/2023","Golden State","Cleveland",23,24,13,33,26,11
"132","11/12/2023","New York","Charlotte",20,32,15,7,32,12
"133","11/12/2023","Brooklyn","Washington",16,25,12,18,23,10
"134","11/12/2023","LA Clippers","Memphis",15,25,12,18,24,13
"135","11/12/2023","Philadelphia","Indiana",17,39,14,16,31,16
"136","11/12/2023","San Antonio","Miami",10,23,19,28,27,12
"137","11/12/2023","New Orleans","Dallas",13,30,17,16,30,20
"138","11/12/2023","Houston","Denver",23,27,10,11,33,9
"139","11/12/2023","Chicago","Detroit",20,33,11,21,27,11
"140","11/12/2023","Phoenix","Oklahoma City",26,23,9,21,30,10
"141","11/12/2023","Golden State","Minnesota",24,25,12,21,34,9
"142","11/12/2023","LA Lakers","Portland",30,37,4,7,32,13
"143","11/13/2023","Toronto","Washington",17,41,4,9,31,12
"144","11/13/2023","Boston","New York",15,21,19,17,18,15
"145","11/13/2023","Milwaukee","Chicago",19,27,15,19,24,14
"146","11/13/2023","Sacramento","Cleveland",14,29,20,14,29,16
"147","11/14/2023","Philadelphia","Indiana",34,37,6,23,35,13
"148","11/14/2023","Detroit","Atlanta",16,37,10,24,33,12
"149","11/14/2023","Charlotte","Miami",18,21,15,23,32,8
"150","11/14/2023","Oklahoma City","San Antonio",16,31,15,6,27,9
"151","11/14/2023","Brooklyn","Orlando",13,27,19,16,20,16
"152","11/14/2023","New Orleans","Dallas",19,35,14,20,24,14
"153","11/14/2023","Utah","Portland",14,31,13,14,26,11
"154","11/14/2023","Golden State","Minnesota",14,24,13,18,22,14
"155","11/14/2023","Denver","LA Clippers",25,31,8,21,24,13
"156","11/14/2023","LA Lakers","Memphis",18,25,22,9,19,20
"157","11/15/2023","Washington","Dallas",19,31,12,17,31,17
"158","11/15/2023","Toronto","Milwaukee",27,29,9,20,24,20
"159","11/15/2023","Philadelphia","Boston",18,28,11,15,24,18
"160","11/15/2023","Atlanta","New York",20,29,12,10,29,16
"161","11/15/2023","Chicago","Orlando",19,24,9,24,24,8
"162","11/15/2023","Phoenix","Minnesota",14,34,17,26,37,5
"163","11/15/2023","Portland","Cleveland",14,21,13,16,33,9
"164","11/15/2023","LA Lakers","Sacramento",15,31,11,13,32,16
"165","11/16/2023","Miami","Brooklyn",23,27,15,21,26,14
"166","11/16/2023","Golden State","Oklahoma City",15,26,14,21,25,19
"167","11/17/2023","Washington","New York",15,27,10,14,29,16
"168","11/17/2023","Charlotte","Milwaukee",19,31,6,10,27,22
"169","11/17/2023","San Antonio","Sacramento",19,28,15,19,28,18
"170","11/17/2023","Toronto","Boston",9,30,12,8,26,16
"171","11/17/2023","Cleveland","Detroit",15,33,9,13,30,9
"172","11/17/2023","Atlanta","Philadelphia",24,28,12,27,30,13
"173","11/17/2023","New Orleans","Denver",11,34,12,6,37,10
"174","11/17/2023","Chicago","Orlando",17,25,10,16,27,11
"175","11/17/2023","Portland","LA Lakers",13,26,10,15,28,12
"176","11/17/2023","Utah","Phoenix",26,27,16,23,27,18
"177","11/17/2023","LA Clippers","Houston",21,23,13,14,28,10
"178","11/18/2023","Charlotte","New York",11,23,17,14,30,16
"179","11/18/2023","New Orleans","Minnesota",20,32,12,22,30,13
"180","11/18/2023","San Antonio","Memphis",21,21,15,29,29,11
"181","11/18/2023","Milwaukee","Dallas",17,32,17,7,35,16
"182","11/18/2023","Chicago","Miami",14,20,16,19,21,12
"183","11/18/2023","Golden State","Oklahoma City",17,26,18,18,44,8
"184","11/19/2023","Brooklyn","Philadelphia",12,27,11,17,28,16
"185","11/19/2023","Toronto","Detroit",18,41,14,26,30,9
"186","11/19/2023","Indiana","Orlando",24,34,8,35,36,7
"187","11/19/2023","Cleveland","Denver",20,34,11,17,25,14
"188","11/19/2023","Dallas","Sacramento",19,29,12,16,31,17
"189","11/19/2023","Utah","Phoenix",26,33,15,22,32,18
"190","11/19/2023","Memphis","Boston",9,20,17,20,23,12
"191","11/19/2023","Portland","Oklahoma City",14,25,9,14,27,22
"192","11/19/2023","LA Lakers","Houston",21,33,6,8,27,14
"193","11/20/2023","Washington","Milwaukee",9,45,10,21,44,11
"194","11/20/2023","Detroit","Denver",24,29,7,16,29,11
"195","11/20/2023","Charlotte","Boston",16,33,13,18,26,16
"196","11/20/2023","San Antonio","LA Clippers",11,29,10,22,33,12
"197","11/20/2023","New Orleans","Sacramento",17,38,12,16,22,11
"198","11/20/2023","Minnesota","New York",24,30,11,27,23,9
"199","11/20/2023","Chicago","Miami",15,26,11,17,25,17
"200","11/20/2023","Golden State","Houston",28,15,21,15,31,13
"201","11/21/2023","Orlando","Toronto",14,38,12,17,24,14
"202","11/21/2023","Philadelphia","Cleveland",28,29,11,21,37,9
"203","11/21/2023","Atlanta","Indiana",23,42,15,21,35,22
"204","11/21/2023","Phoenix","Portland",27,36,7,17,24,14
"205","11/21/2023","LA Lakers","Utah",22,38,11,12,27,11
"206","11/22/2023","Orlando","Denver",26,34,10,16,29,15
"207","11/22/2023","Charlotte","Washington",15,27,16,15,33,11
"208","11/22/2023","Indiana","Toronto",13,32,18,25,37,11
"209","11/22/2023","Cleveland","Miami",10,22,14,17,26,20
"210","11/22/2023","Boston","Milwaukee",14,27,17,13,32,13
"211","11/22/2023","Atlanta","Brooklyn",27,33,18,20,40,15
"212","11/22/2023","San Antonio","LA Clippers",21,24,11,22,30,9
"213","11/22/2023","Oklahoma City","Chicago",31,26,11,17,17,17
"214","11/22/2023","New Orleans","Sacramento",28,34,7,29,19,15
"215","11/22/2023","Minnesota","Philadelphia",16,33,10,24,27,7
"216","11/22/2023","Houston","Memphis",17,26,14,30,20,7
"217","11/22/2023","Portland","Utah",10,30,17,21,27,10
"218","11/22/2023","Phoenix","Golden State",44,23,11,19,33,10
"219","11/22/2023","LA Lakers","Dallas",12,28,11,12,22,16
"220","11/24/2023","Orlando","Boston",16,32,11,27,24,7
"221","11/24/2023","Memphis","Phoenix",6,28,9,21,28,11
"222","11/24/2023","Toronto","Chicago",20,31,13,12,30,12
"223","11/24/2023","New York","Miami",12,29,10,20,24,10
"224","11/24/2023","Minnesota","Sacramento",27,24,12,9,32,17
"225","11/24/2023","Milwaukee","Washington",26,39,9,17,33,15
"226","11/24/2023","Houston","Denver",13,28,12,15,25,7
"227","11/24/2023","Indiana","Detroit",22,33,16,20,36,7
"228","11/24/2023","Golden State","San Antonio",19,21,19,10,33,12
"229","11/24/2023","LA Clippers","New Orleans",11,31,11,20,33,10
"230","11/25/2023","Oklahoma City","Philadelphia",21,27,16,37,24,14
"231","11/25/2023","Brooklyn","Miami",20,25,14,10,27,11
"232","11/25/2023","Washington","Atlanta",12,33,10,14,34,18
"233","11/25/2023","Cleveland","LA Lakers",20,34,9,18,38,9
"234","11/25/2023","Utah","New Orleans",14,23,15,11,28,11
"235","11/25/2023","LA Clippers","Dallas",23,30,8,11,25,9
"236","11/26/2023","Milwaukee","Portland",24,21,14,15,24,13
"237","11/26/2023","Memphis","Minnesota",19,24,10,18,28,15
"238","11/26/2023","Orlando","Charlotte",26,37,10,16,31,13
"239","11/26/2023","New York","Phoenix",23,27,12,16,26,16
"240","11/26/2023","Boston","Atlanta",16,29,13,12,17,19
"241","11/26/2023","Cleveland","Toronto",5,35,10,20,29,8
"242","11/26/2023","Brooklyn","Chicago",11,16,25,17,28,12
"243","11/26/2023","Denver","San Antonio",20,38,12,22,28,14
"244","11/27/2023","Philadelphia","LA Lakers",22,25,22,9,32,7
"245","11/27/2023","Indiana","Portland",18,34,8,25,31,9
"246","11/27/2023","Detroit","Washington",13,35,8,26,35,10
"247","11/27/2023","Utah","New Orleans",23,20,17,17,37,7
"248","11/27/2023","LA Clippers","Denver",28,29,6,15,34,10
"249","11/28/2023","New York","Charlotte",18,26,15,4,24,13
"250","11/28/2023","Miami","Milwaukee",14,34,14,24,34,13
"251","11/28/2023","Cleveland","Atlanta",15,37,13,22,22,13
"252","11/28/2023","Brooklyn","Toronto",22,27,13,12,26,13
"253","11/28/2023","Boston","Chicago",9,26,21,10,30,9
"254","11/28/2023","Minnesota","Oklahoma City",26,19,14,18,26,11
"255","11/28/2023","Dallas","Houston",25,30,12,23,34,8
"256","11/28/2023","Sacramento","Golden State",27,26,15,26,23,17
"257","11/29/2023","Orlando","Washington",20,34,17,27,30,11
"258","11/29/2023","Detroit","LA Lakers",12,25,15,31,33,12
"259","11/29/2023","Toronto","Phoenix",18,32,10,22,31,7
"260","11/29/2023","New Orleans","Philadelphia",30,32,10,16,28,14
"261","11/29/2023","Memphis","Utah",6,30,13,7,18,16
"262","11/29/2023","Denver","Houston",19,29,19,14,31,16
"263","11/29/2023","Sacramento","LA Clippers",24,27,13,17,36,14
"264","11/30/2023","Cleveland","Portland",12,31,7,11,25,14
"265","11/30/2023","New York","Detroit",20,25,16,11,28,15
"266","11/30/2023","Miami","Indiana",38,40,8,21,39,11
"267","11/30/2023","Brooklyn","Charlotte",10,38,14,16,25,21
"268","11/30/2023","San Antonio","Atlanta",21,30,18,25,35,14
"269","11/30/2023","Oklahoma City","LA Lakers",19,36,14,27,25,11
"270","11/30/2023","Minnesota","Utah",10,26,13,13,22,11
"271","11/30/2023","Chicago","Milwaukee",17,32,13,9,28,16
"272","11/30/2023","Golden State","LA Clippers",23,26,15,18,30,12
"273","12/01/2023","Orlando","Washington",26,34,12,22,32,13
"274","12/01/2023","Dallas","Memphis",14,22,12,9,33,11
"275","12/01/2023","Toronto","New York",12,38,6,13,29,16
"276","12/01/2023","Boston","Philadelphia",31,23,16,17,27,16
"277","12/01/2023","New Orleans","San Antonio",27,32,10,14,22,16
"278","12/01/2023","Phoenix","Denver",24,30,9,7,38,12
"279","12/02/2023","LA Clippers","Golden State",12,31,13,19,21,17
"280","12/02/2023","Charlotte","Minnesota",17,32,12,26,32,11
"281","12/02/2023","Detroit","Cleveland",15,31,8,12,34,10
"282","12/02/2023","Brooklyn","Orlando",23,32,14,22,26,9
"283","12/02/2023","Milwaukee","Atlanta",12,39,14,16,30,15
"284","12/02/2023","Chicago","New Orleans",11,31,17,28,33,8
"285","12/02/2023","Miami","Indiana",21,36,12,16,40,16
"286","12/02/2023","Phoenix","Memphis",35,27,9,22,30,9
"287","12/02/2023","Dallas","Oklahoma City",23,20,19,18,24,20
"288","12/02/2023","Utah","Portland",19,39,7,24,25,13
"289","12/02/2023","Sacramento","Denver",11,32,16,13,43,6
"290","12/02/2023","LA Lakers","Houston",19,32,8,14,25,11
"291","12/04/2023","Indiana","Boston",17,24,19,8,34,12
"292","12/04/2023","Sacramento","New Orleans",27,24,14,19,33,14
"293","12/05/2023","Milwaukee","New York",13,32,23,29,36,7
"294","12/05/2023","LA Lakers","Phoenix",21,29,9,17,25,12
"295","12/06/2023","Washington","Philadelphia",8,38,14,29,39,8
"296","12/06/2023","Detroit","Memphis",9,30,11,11,36,11
"297","12/06/2023","Cleveland","Orlando",15,32,14,27,39,2
"298","12/06/2023","Minnesota","San Antonio",18,24,12,10,30,8
"299","12/06/2023","Atlanta","Brooklyn",17,30,12,17,32,11
"300","12/06/2023","Toronto","Miami",15,23,14,16,27,14
"301","12/06/2023","Houston","Oklahoma City",15,25,15,19,29,8
"302","12/06/2023","Chicago","Charlotte",23,26,12,12,29,10
"303","12/06/2023","Dallas","Utah",13,34,22,15,23,12
"304","12/06/2023","LA Clippers","Denver",19,28,12,8,29,12
"305","12/06/2023","Golden State","Portland",28,26,10,12,23,16
"306","12/08/2023","Philadelphia","Atlanta",30,31,11,19,28,13
"307","12/08/2023","Orlando","Detroit",15,39,10,17,28,6
"308","12/08/2023","Charlotte","Toronto",18,31,13,16,41,6
"309","12/08/2023","Boston","New York",18,29,19,20,29,15
"310","12/08/2023","Brooklyn","Washington",14,40,10,15,32,6
"311","12/08/2023","Oklahoma City","Golden State",31,46,5,19,30,19
"312","12/08/2023","Memphis","Minnesota",14,22,15,24,29,15
"313","12/08/2023","Miami","Cleveland",10,22,15,17,26,14
"314","12/08/2023","San Antonio","Chicago",17,22,17,14,34,13
"315","12/08/2023","Phoenix","Sacramento",15,29,11,16,28,14
"316","12/08/2023","Denver","Houston",20,28,10,31,22,13
"317","12/08/2023","Portland","Dallas",16,21,18,19,35,12
"318","12/08/2023","Utah","LA Clippers",18,29,9,16,28,15
"319","12/11/2023","Philadelphia","Washington",22,32,20,20,27,9
"320","12/11/2023","Orlando","Cleveland",19,32,7,25,21,9
"321","12/11/2023","Detroit","Indiana",23,35,10,14,39,13
"322","12/11/2023","Charlotte","Miami",17,23,17,27,22,15
"323","12/11/2023","New York","Toronto",15,35,17,22,33,14
"324","12/11/2023","Atlanta","Denver",17,27,17,23,35,12
"325","12/11/2023","Oklahoma City","Utah",16,32,18,20,32,12
"326","12/11/2023","New Orleans","Minnesota",31,30,10,14,27,13
"327","12/11/2023","Milwaukee","Chicago",30,29,15,20,32,15
"328","12/11/2023","Memphis","Dallas",13,23,18,17,26,17
"329","12/11/2023","Houston","San Antonio",17,20,12,15,26,5
"330","12/11/2023","Sacramento","Brooklyn",10,23,25,20,28,14
"331","12/11/2023","LA Clippers","Portland",21,36,13,22,24,19
"332","12/12/2023","Dallas","LA Lakers",18,23,21,12,34,15
"333","12/12/2023","Boston","Cleveland",26,20,18,6,25,19
"334","12/12/2023","Chicago","Denver",21,23,13,22,25,14
"335","12/12/2023","Phoenix","Golden State",29,24,14,18,25,16
"336","12/12/2023","LA Clippers","Sacramento",20,33,11,17,26,10
"337","12/13/2023","Washington","New Orleans",19,23,19,26,34,16
"338","12/13/2023","Detroit","Philadelphia",23,29,10,28,34,11
"339","12/13/2023","Toronto","Atlanta",17,32,18,14,30,18
"340","12/13/2023","Miami","Charlotte",18,26,15,10,29,12
"341","12/13/2023","San Antonio","LA Lakers",13,29,16,10,35,14
"342","12/13/2023","Milwaukee","Indiana",37,41,7,25,34,11
"343","12/13/2023","Houston","Memphis",27,27,12,24,25,10
"344","12/13/2023","Utah","New York",15,27,16,22,32,9
"345","12/13/2023","Phoenix","Brooklyn",23,31,9,19,26,15
"346","12/14/2023","Miami","Chicago",27,22,15,20,31,14
"347","12/14/2023","Boston","Cleveland",17,30,13,16,29,11
"348","12/14/2023","Dallas","Minnesota",16,32,7,17,30,14
"349","12/14/2023","Denver","Brooklyn",18,35,12,15,31,8
"350","12/14/2023","Sacramento","Oklahoma City",16,29,18,24,33,11
"351","12/14/2023","Portland","Utah",12,27,16,13,38,11
"352","12/14/2023","LA Clippers","Golden State",26,28,13,17,24,16
"353","12/15/2023","Washington","Indiana",20,39,13,12,33,15
"354","12/15/2023","Philadelphia","Detroit",28,27,14,18,31,4
"355","12/15/2023","Charlotte","New Orleans",16,32,9,27,29,9
"356","12/15/2023","San Antonio","LA Lakers",17,29,18,18,32,11
"357","12/15/2023","Toronto","Atlanta",14,30,10,5,36,16
"358","12/15/2023","Boston","Orlando",14,30,18,13,28,14
"359","12/15/2023","Memphis","Houston",11,26,11,28,21,11
"360","12/15/2023","Phoenix","New York",17,36,11,24,32,17
"361","12/16/2023","Milwaukee","Detroit",27,31,19,22,37,6
"362","12/16/2023","Charlotte","Philadelphia",9,26,7,15,39,14
"363","12/16/2023","Cleveland","Atlanta",13,33,16,22,26,15
"364","12/16/2023","Minnesota","Indiana",13,30,18,13,39,6
"365","12/16/2023","Miami","Chicago",19,30,13,26,21,16
"366","12/16/2023","Golden State","Brooklyn",19,27,17,13,28,17
"367","12/16/2023","Portland","Dallas",19,40,7,19,32,16
"368","12/16/2023","Denver","Oklahoma City",21,30,12,25,36,7
"369","12/16/2023","Sacramento","Utah",11,24,22,16,26,12
"370","12/16/2023","LA Clippers","New York",28,34,16,23,33,11
"371","12/17/2023","Boston","Orlando",7,28,17,18,23,11
"372","12/17/2023","San Antonio","New Orleans",15,25,15,14,33,22
"373","12/17/2023","Milwaukee","Houston",25,32,13,18,34,11
"374","12/17/2023","Phoenix","Washington",23,34,7,16,25,14
"375","12/17/2023","Portland","Golden State",21,27,13,13,33,13
"376","12/18/2023","Philadelphia","Chicago",17,27,11,12,30,12
"377","12/18/2023","Indiana","LA Clippers",17,37,12,20,37,19
"378","12/18/2023","Cleveland","Houston",22,28,19,24,35,12
"379","12/18/2023","Toronto","Charlotte",18,36,8,13,31,8
"380","12/18/2023","Miami","Minnesota",15,30,11,17,31,11
"381","12/18/2023","Atlanta","Detroit",22,30,16,19,39,9
"382","12/18/2023","Oklahoma City","Memphis",21,31,11,18,11,19
"383","12/18/2023","Utah","Brooklyn",21,31,14,14,23,16
"384","12/18/2023","Denver","Dallas",18,35,14,9,28,13
"385","12/18/2023","Sacramento","Washington",20,36,17,25,26,18
"386","12/18/2023","LA Lakers","New York",12,29,13,20,32,10
"387","12/19/2023","New Orleans","Memphis",22,29,11,23,31,10
"388","12/19/2023","Milwaukee","San Antonio",14,32,18,18,37,9
"389","12/19/2023","Portland","Phoenix",17,25,14,15,37,5
"390","12/19/2023","Golden State","Boston",12,30,20,15,30,17
"391","12/20/2023","Philadelphia","Minnesota",29,37,8,20,33,9
"392","12/20/2023","Orlando","Miami",15,32,9,20,25,15
"393","12/20/2023","Indiana","Charlotte",28,31,18,15,37,8
"394","12/20/2023","Cleveland","Utah",11,22,23,23,27,13
"395","12/20/2023","Toronto","Denver",9,34,9,3,37,12
"396","12/20/2023","Brooklyn","New York",13,22,15,20,31,13
"397","12/20/2023","Houston","Atlanta",23,28,16,23,30,17
"398","12/20/2023","Chicago","LA Lakers",10,30,18,12,30,12
"399","12/20/2023","Dallas","LA Clippers",19,25,14,23,32,11
"400","12/20/2023","Sacramento","Boston",12,22,21,20,29,22
"401","12/21/2023","Detroit","Utah",16,34,9,22,32,11
"402","12/21/2023","Cleveland","New Orleans",5,24,17,14,32,15
"403","12/21/2023","Oklahoma City","LA Clippers",16,35,16,10,27,17
"404","12/21/2023","Milwaukee","Orlando",31,27,11,16,37,8
"405","12/21/2023","Memphis","Indiana",14,27,16,9,20,18
"406","12/21/2023","Chicago","San Antonio",9,42,7,11,27,10
"407","12/21/2023","Minnesota","LA Lakers",20,28,14,19,31,10
"408","12/21/2023","Portland","Washington",17,29,14,22,30,12
"409","12/22/2023","Philadelphia","Toronto",19,30,14,24,30,9
"410","12/22/2023","Brooklyn","Denver",18,30,13,21,34,11
"411","12/22/2023","Houston","Dallas",19,35,11,19,28,7
"412","12/22/2023","Miami","Atlanta",25,23,17,10,23,19
"413","12/22/2023","Sacramento","Phoenix",20,32,12,22,34,5
"414","12/22/2023","Golden State","Washington",17,29,18,19,33,11
"415","12/23/2023","New York","Milwaukee",20,32,9,18,32,16
"416","12/23/2023","LA Clippers","Boston",15,30,11,22,24,25
"417","12/23/2023","New Orleans","Houston",20,30,8,27,26,9
"418","12/23/2023","Indiana","Orlando",9,28,15,33,33,6
"419","12/23/2023","Charlotte","Denver",19,26,8,12,27,12
"420","12/23/2023","Toronto","Utah",16,32,13,13,31,17
"421","12/23/2023","Brooklyn","Detroit",26,35,10,22,24,15
"422","12/23/2023","Atlanta","Memphis",16,32,13,14,39,11
"423","12/23/2023","Oklahoma City","LA Lakers",15,33,13,19,31,16
"424","12/23/2023","Chicago","Cleveland",17,27,8,19,27,12
"425","12/23/2023","Golden State","Portland",20,38,10,17,25,13
"426","12/23/2023","Dallas","San Antonio",17,29,23,17,30,14
"427","12/23/2023","Sacramento","Minnesota",16,29,8,12,34,10
"428","12/25/2023","New York","Milwaukee",21,42,8,19,32,13
"429","12/25/2023","Denver","Golden State",26,26,14,20,26,14
"430","12/25/2023","LA Lakers","Boston",16,30,13,21,33,13
"431","12/25/2023","Miami","Philadelphia",27,28,12,16,23,17
"432","12/25/2023","Phoenix","Dallas",20,26,14,22,29,16
"433","12/26/2023","Washington","Orlando",17,27,16,17,37,12
"434","12/26/2023","Detroit","Brooklyn",23,31,9,27,32,9
"435","12/26/2023","San Antonio","Utah",14,28,16,20,31,16
"436","12/26/2023","Oklahoma City","Minnesota",13,31,18,26,22,12
"437","12/26/2023","New Orleans","Memphis",21,32,10,27,28,11
"438","12/26/2023","Houston","Indiana",18,42,5,18,24,19
"439","12/26/2023","Chicago","Atlanta",27,35,7,18,28,13
"440","12/26/2023","Portland","Sacramento",16,33,16,13,35,10
"441","12/26/2023","LA Clippers","Charlotte",19,26,14,12,37,6
"442","12/27/2023","Washington","Toronto",10,34,8,13,37,15
"443","12/27/2023","Orlando","Philadelphia",21,22,9,12,35,10
"444","12/27/2023","Brooklyn","Milwaukee",25,38,7,17,29,23
"445","12/27/2023","Oklahoma City","New York",17,35,14,24,27,14
"446","12/27/2023","Houston","Phoenix",16,23,17,21,33,14
"447","12/27/2023","Dallas","Cleveland",22,29,10,16,23,17
"448","12/28/2023","Boston","Detroit",21,37,11,12,34,14
"449","12/28/2023","New Orleans","Utah",12,35,10,21,24,12
"450","12/28/2023","Minnesota","Dallas",25,21,17,16,26,14
"451","12/28/2023","Chicago","Indiana",17,33,7,15,24,19
"452","12/28/2023","Denver","Memphis",12,35,20,18,24,13
"453","12/28/2023","Portland","San Antonio",24,24,11,26,31,10
"454","12/28/2023","Golden State","Miami",20,29,8,16,34,10
"455","12/28/2023","LA Lakers","Charlotte",14,37,15,17,25,15
"456","12/29/2023","Washington","Brooklyn",3,31,15,17,30,9
"457","12/29/2023","Orlando","New York",30,33,7,26,32,6
"458","12/29/2023","Cleveland","Milwaukee",7,43,6,25,29,12
"459","12/29/2023","Boston","Toronto",17,26,17,13,27,17
"460","12/29/2023","Atlanta","Sacramento",21,22,15,8,29,17
"461","12/29/2023","Houston","Philadelphia",15,35,14,29,33,12
"462","12/29/2023","Phoenix","Charlotte",23,28,18,8,21,23
"463","12/29/2023","Denver","Oklahoma City",11,26,10,15,34,12
"464","12/29/2023","Portland","San Antonio",22,32,16,18,34,14
"465","12/29/2023","LA Clippers","Memphis",20,32,11,17,25,13
"466","12/30/2023","Utah","Miami",20,32,11,32,25,9
"467","12/30/2023","Detroit","Toronto",35,29,12,23,34,12
"468","12/30/2023","Indiana","New York",17,27,23,19,28,17
"469","12/30/2023","Minnesota","LA Lakers",20,26,12,25,30,7
"470","12/30/2023","Chicago","Philadelphia",18,33,7,11,27,9
"471","12/30/2023","Golden State","Dallas",9,28,19,18,33,16
"472","12/31/2023","Washington","Atlanta",17,29,17,24,35,12
"473","12/31/2023","San Antonio","Boston",9,28,12,17,36,15
"474","12/31/2023","Oklahoma City","Brooklyn",16,27,18,20,26,12
"475","12/31/2023","New Orleans","LA Lakers",22,28,17,21,29,10
"476","12/31/2023","Phoenix","Orlando",16,36,8,11,30,12
"477","12/31/2023","Memphis","Sacramento",20,18,12,13,31,16
"478","01/01/2024","New York","Minnesota",22,27,12,23,25,11
"479","01/01/2024","Toronto","Cleveland",29,31,11,23,31,12
"480","01/01/2024","Milwaukee","Indiana",21,31,10,31,38,5
"481","01/01/2024","Houston","Detroit",19,36,15,20,27,13
"482","01/01/2024","Utah","Dallas",17,37,12,5,26,11
"483","01/01/2024","Phoenix","Portland",22,27,11,14,25,8
"484","01/01/2024","Denver","Charlotte",14,26,15,11,26,10
"485","01/01/2024","LA Clippers","Miami",13,33,14,23,24,11
"486","01/02/2024","Philadelphia","Chicago",22,26,12,16,30,7
"487","01/02/2024","Oklahoma City","Boston",13,30,18,24,27,15
"488","01/02/2024","New Orleans","Brooklyn",14,25,16,4,24,11
"489","01/02/2024","Memphis","San Antonio",20,25,12,16,26,10
"490","01/02/2024","Sacramento","Charlotte",10,26,14,15,30,12
"491","01/02/2024","Golden State","Orlando",24,29,13,19,27,14
"492","01/03/2024","Indiana","Milwaukee",28,36,14,24,32,14
"493","01/03/2024","Cleveland","Washington",12,34,20,5,30,12
"494","01/03/2024","Atlanta","Oklahoma City",31,34,14,20,32,18
"495","01/03/2024","Minnesota","New Orleans",22,27,10,15,33,12
"496","01/03/2024","Memphis","Toronto",16,25,15,22,29,12
"497","01/03/2024","Houston","Brooklyn",19,18,19,16,23,13
"498","01/03/2024","Dallas","Portland",29,29,13,16,21,13
"499","01/03/2024","New York","Chicago",9,31,15,13,24,13
"500","01/03/2024","Utah","Detroit",32,37,16,17,37,19
"501","01/03/2024","Phoenix","LA Clippers",23,27,15,29,24,18
"502","01/03/2024","Sacramento","Orlando",21,36,15,22,19,25
"503","01/03/2024","LA Lakers","Miami",22,31,4,12,25,16
"504","01/04/2024","San Antonio","Milwaukee",15,32,14,15,37,12
"505","01/04/2024","Golden State","Denver",14,34,15,25,39,9
"506","01/05/2024","Indiana","Atlanta",11,41,19,26,30,10
"507","01/05/2024","Boston","Utah",31,22,17,23,28,6
"508","01/05/2024","Philadelphia","New York",20,27,6,24,25,18
"509","01/05/2024","Cleveland","Washington",16,25,16,11,26,9
"510","01/05/2024","Brooklyn","Oklahoma City",28,27,14,16,36,9
"511","01/05/2024","New Orleans","LA Clippers",17,21,12,16,25,15
"512","01/05/2024","Houston","Minnesota",11,24,12,16,32,14
"513","01/05/2024","Chicago","Charlotte",14,30,10,9,26,10
"514","01/05/2024","Dallas","Portland",10,39,17,12,26,13
"515","01/05/2024","Phoenix","Miami",11,30,14,19,24,10
"516","01/05/2024","Denver","Orlando",15,39,9,23,24,17
"517","01/05/2024","Sacramento","Toronto",10,31,21,23,34,13
"518","01/05/2024","LA Lakers","Memphis",19,32,10,16,21,23
"519","01/05/2024","Golden State","Detroit",21,22,16,8,31,13
"520","01/06/2024","Washington","New York",12,27,13,21,29,14
"521","01/06/2024","Indiana","Boston",17,30,8,10,30,16
"522","01/06/2024","Philadelphia","Utah",18,35,7,20,38,8
"523","01/06/2024","Houston","Milwaukee",27,23,13,29,26,9
"524","01/07/2024","Cleveland","San Antonio",15,27,16,19,27,14
"525","01/07/2024","Brooklyn","Portland",21,32,14,24,25,20
"526","01/07/2024","Sacramento","New Orleans",9,23,15,14,31,19
"527","01/07/2024","Orlando","Atlanta",14,26,17,17,33,9
"528","01/07/2024","Dallas","Minnesota",14,28,15,13,28,13
"529","01/07/2024","Phoenix","Memphis",15,38,8,18,26,17
"530","01/07/2024","Denver","Detroit",27,37,10,21,33,9
"531","01/07/2024","Golden State","Toronto",14,31,14,8,40,15
"532","01/07/2024","LA Lakers","LA Clippers",11,31,11,17,22,14
"533","01/08/2024","Washington","Oklahoma City",25,29,15,18,38,14
"534","01/08/2024","Indiana","Boston",18,29,19,20,30,17
"535","01/08/2024","Charlotte","Chicago",15,23,17,20,36,9
"536","01/08/2024","Miami","Houston",23,26,15,25,23,14
"537","01/08/2024","Milwaukee","Utah",15,25,17,18,27,20
"538","01/08/2024","LA Clippers","Phoenix",17,38,15,25,28,10
"539","01/09/2024","Orlando","Minnesota",11,21,13,15,31,12
"540","01/09/2024","Detroit","Sacramento",16,26,14,10,41,13
"541","01/09/2024","New York","Portland",20,19,18,12,27,6
"542","01/09/2024","Dallas","Memphis",22,27,9,18,30,14
"543","01/09/2024","LA Lakers","Toronto",28,28,16,8,36,17
"544","01/10/2024","Indiana","Washington",22,33,8,21,31,7
"545","01/10/2024","Detroit","San Antonio",10,34,10,23,40,9
"546","01/10/2024","Charlotte","Sacramento",12,19,16,18,33,13
"547","01/10/2024","Boston","Minnesota",30,20,19,18,30,14
"548","01/10/2024","Miami","Oklahoma City",23,26,15,12,37,14
"549","01/10/2024","Atlanta","Philadelphia",31,36,12,28,34,12
"550","01/10/2024","Chicago","Houston",21,23,19,12,37,11
"551","01/10/2024","Golden State","New Orleans",15,27,12,14,35,19
"552","01/10/2024","Utah","Denver",19,33,13,24,24,13
"553","01/10/2024","LA Clippers","Toronto",13,34,15,16,34,12
"554","01/11/2024","Milwaukee","Boston",13,34,18,25,25,9
"555","01/11/2024","Oklahoma City","Portland",19,39,14,10,17,11
"556","01/11/2024","Dallas","New York",23,27,17,22,30,14
"557","01/11/2024","LA Lakers","Phoenix",16,27,13,21,32,14
"558","01/12/2024","Detroit","Houston",10,32,12,22,33,8
"559","01/12/2024","Atlanta","Indiana",17,29,11,9,42,11
"560","01/12/2024","Philadelphia","Sacramento",17,25,15,21,24,8
"561","01/12/2024","San Antonio","Charlotte",27,27,18,25,22,10
"562","01/12/2024","Minnesota","Portland",17,33,11,23,20,10
"563","01/12/2024","Memphis","LA Clippers",19,23,18,15,34,15
"564","01/12/2024","Chicago","Golden State",13,32,18,22,29,20
"565","01/12/2024","Miami","Orlando",17,29,8,12,24,12
"566","01/12/2024","Utah","Toronto",20,31,21,26,18,17
"567","01/12/2024","Denver","New Orleans",11,36,14,16,29,13
"568","01/13/2024","Boston","Houston",19,27,24,26,33,7
"569","01/13/2024","Atlanta","Washington",24,21,11,21,35,12
"570","01/13/2024","Oklahoma City","Orlando",18,35,8,15,32,7
"571","01/13/2024","Milwaukee","Golden State",14,38,13,9,32,15
"572","01/13/2024","Memphis","New York",13,27,9,13,27,13
"573","01/13/2024","San Antonio","Chicago",20,21,18,15,31,15
"574","01/13/2024","Dallas","New Orleans",19,22,15,28,27,12
"575","01/13/2024","Utah","LA Lakers",36,30,12,20,33,13
"576","01/14/2024","Denver","Indiana",15,36,10,15,35,8
"577","01/14/2024","Miami","Charlotte",13,29,11,11,23,10
"578","01/14/2024","Minnesota","LA Clippers",20,25,13,16,19,17
"579","01/14/2024","Milwaukee","Sacramento",27,28,20,15,38,17
"580","01/14/2024","Portland","Phoenix",16,20,20,22,33,13
"581","01/15/2024","Philadelphia","Houston",29,25,15,19,36,8
"582","01/15/2024","Dallas","New Orleans",29,21,18,31,34,7
"583","01/15/2024","Washington","Detroit",10,25,19,17,38,12
"584","01/15/2024","New York","Orlando",15,20,13,14,30,8
"585","01/15/2024","Atlanta","San Antonio",16,27,13,12,27,11
"586","01/15/2024","Memphis","Golden State",32,12,20,9,34,10
"587","01/15/2024","Cleveland","Chicago",11,19,20,12,26,9
"588","01/15/2024","Toronto","Boston",16,34,4,23,17,16
"589","01/15/2024","Brooklyn","Miami",15,22,12,22,25,8
"590","01/15/2024","Utah","Indiana",31,34,11,20,29,9
"591","01/15/2024","LA Lakers","Oklahoma City",16,36,8,10,25,15
"592","01/16/2024","Philadelphia","Denver",25,28,15,19,33,12
"593","01/16/2024","Phoenix","Sacramento",18,25,17,7,28,18
"594","01/16/2024","LA Clippers","Oklahoma City",14,27,20,17,26,16
"595","01/17/2024","Detroit","Minnesota",13,34,12,15,32,15
"596","01/17/2024","Toronto","Miami",11,25,20,9,35,6
"597","01/17/2024","New York","Houston",18,26,13,16,27,8
"598","01/17/2024","Cleveland","Milwaukee",13,43,12,7,26,12
"599","01/17/2024","Boston","San Antonio",15,24,18,13,32,7
"600","01/17/2024","Atlanta","Orlando",20,31,8,16,29,10
"601","01/17/2024","New Orleans","Charlotte",19,19,25,15,20,19
"602","01/17/2024","LA Lakers","Dallas",17,37,12,15,31,11
"603","01/17/2024","Portland","Brooklyn",12,33,9,18,20,15
"604","01/18/2024","Toronto","Chicago",16,32,10,14,42,6
"605","01/18/2024","New York","Washington",22,26,13,17,31,10
"606","01/18/2024","Utah","Oklahoma City",30,30,13,24,34,14
"607","01/18/2024","Sacramento","Indiana",18,29,15,15,36,13
"608","01/18/2024","Minnesota","Memphis",16,33,12,11,25,14
"609","01/19/2024","Orlando","Philadelphia",25,27,10,27,29,13
"610","01/19/2024","Charlotte","San Antonio",14,31,16,11,32,15
"611","01/19/2024","Boston","Denver",10,24,14,10,34,8
"612","01/19/2024","New Orleans","Phoenix",17,31,10,16,31,15
"613","01/19/2024","Miami","Atlanta",20,26,12,14,25,15
"614","01/19/2024","Portland","Indiana",30,38,4,17,19,20
"615","01/19/2024","LA Lakers","Brooklyn",20,28,12,11,31,19
"616","01/20/2024","Detroit","Milwaukee",26,23,21,35,35,12
"617","01/20/2024","Washington","San Antonio",20,40,9,17,39,12
"618","01/20/2024","Charlotte","Philadelphia",10,26,9,20,31,5
"619","01/20/2024","New York","Toronto",16,34,14,13,27,11
"620","01/20/2024","Atlanta","Cleveland",10,26,11,14,27,16
"621","01/20/2024","Minnesota","Oklahoma City",21,17,14,30,24,8
"622","01/20/2024","Houston","Utah",14,37,13,17,35,13
"623","01/20/2024","Chicago","Memphis",17,33,14,19,19,13
"624","01/21/2024","LA Clippers","Brooklyn",28,29,13,12,30,14
"625","01/21/2024","Washington","Denver",18,31,8,19,35,8
"626","01/21/2024","Orlando","Miami",22,28,9,15,18,12
"627","01/21/2024","Houston","Boston",15,31,10,13,26,17
"628","01/21/2024","Phoenix","Indiana",15,39,8,14,27,14
"629","01/21/2024","LA Lakers","Portland",27,34,13,17,33,9
"630","01/22/2024","Philadelphia","San Antonio",32,43,5,24,30,13
"631","01/22/2024","Orlando","Cleveland",20,23,11,16,25,20
"632","01/22/2024","Detroit","Milwaukee",23,30,10,28,32,10
"633","01/22/2024","Toronto","Memphis",22,27,8,7,31,13
"634","01/22/2024","Minnesota","Charlotte",19,26,18,14,36,14
"635","01/22/2024","Dallas","Boston",10,29,14,22,26,15
"636","01/22/2024","Phoenix","Chicago",13,30,14,9,31,14
"637","01/22/2024","Sacramento","Atlanta",24,31,12,21,22,14
"638","01/23/2024","Indiana","Denver",18,38,5,15,33,11
"639","01/23/2024","Brooklyn","New York",4,27,15,18,30,10
"640","01/23/2024","Oklahoma City","Portland",18,36,7,17,19,18
"641","01/23/2024","New Orleans","Utah",10,37,23,26,31,12
"642","01/23/2024","LA Clippers","LA Lakers",9,38,14,15,34,11
"643","01/24/2024","Washington","Minnesota",23,27,10,25,33,9
"644","01/24/2024","Detroit","Charlotte",12,28,15,15,23,15
"645","01/24/2024","Miami","Memphis",19,22,11,16,19,17
"646","01/24/2024","Milwaukee","Cleveland",25,34,11,11,33,13
"647","01/24/2024","Houston","Portland",19,38,12,22,35,15
"648","01/24/2024","Dallas","Phoenix",10,24,17,16,37,14
"649","01/24/2024","San Antonio","Oklahoma City",19,34,9,14,36,18
"650","01/24/2024","Golden State","Atlanta",16,35,16,20,25,14
"651","01/25/2024","Washington","Utah",15,36,7,10,37,13
"652","01/25/2024","Indiana","Philadelphia",16,41,12,31,35,7
"653","01/25/2024","New York","Denver",17,30,15,11,29,5
"654","01/25/2024","Miami","Boston",10,26,16,19,29,22
"655","01/25/2024","Brooklyn","Minnesota",14,25,10,12,27,10
"656","01/25/2024","Golden State","Sacramento",18,29,19,16,26,22
"657","01/25/2024","LA Lakers","Chicago",15,33,20,26,35,12
"658","01/26/2024","Indiana","Phoenix",9,50,8,16,38,13
"659","01/26/2024","Charlotte","Houston",25,26,9,25,37,13
"660","01/26/2024","Atlanta","Dallas",26,36,15,27,32,19
"661","01/26/2024","Toronto","LA Clippers",13,38,6,22,39,9
"662","01/26/2024","New Orleans","Oklahoma City",10,23,9,13,32,10
"663","01/26/2024","Milwaukee","Cleveland",17,22,13,22,24,14
"664","01/26/2024","Memphis","Orlando",8,27,15,21,29,9
"665","01/26/2024","San Antonio","Portland",22,32,10,14,28,10
"666","01/27/2024","Detroit","Washington",21,28,9,17,34,11
"667","01/27/2024","New York","Miami",18,28,17,13,27,14
"668","01/27/2024","Denver","Philadelphia",24,24,13,13,37,6
"669","01/27/2024","Brooklyn","Houston",22,24,12,20,27,10
"670","01/27/2024","Charlotte","Utah",15,34,13,13,35,17
"671","01/27/2024","Boston","LA Clippers",14,26,10,15,35,10
"672","01/27/2024","Milwaukee","New Orleans",19,31,20,28,31,9
"673","01/27/2024","Golden State","LA Lakers",11,32,23,38,40,9
"674","01/27/2024","San Antonio","Minnesota",8,33,13,8,31,14
"675","01/27/2024","Dallas","Sacramento",13,27,16,23,32,11
"676","01/28/2024","Detroit","Oklahoma City",15,36,11,8,36,8
"677","01/28/2024","Indiana","Memphis",15,31,13,23,27,11
"678","01/28/2024","Orlando","Phoenix",19,29,12,12,37,4
"679","01/28/2024","Atlanta","Toronto",32,38,6,28,26,15
"680","01/28/2024","Portland","Chicago",26,26,6,12,34,8
"681","01/29/2024","Cleveland","LA Clippers",21,29,13,21,27,11
"682","01/29/2024","Charlotte","New York",7,26,11,13,32,12
"683","01/29/2024","Miami","Phoenix",25,19,14,12,32,14
"684","01/29/2024","Brooklyn","Utah",18,33,21,27,30,9
"685","01/29/2024","Boston","New Orleans",15,26,17,10,36,10
"686","01/29/2024","San Antonio","Washington",15,31,12,17,37,9
"687","01/29/2024","Oklahoma City","Minnesota",17,21,14,13,26,14
"688","01/29/2024","Memphis","Sacramento",21,17,13,6,32,11
"689","01/29/2024","Houston","LA Lakers",19,40,12,16,32,13
"690","01/29/2024","Dallas","Orlando",32,30,13,21,27,18
"691","01/29/2024","Denver","Milwaukee",21,40,4,19,20,16
"692","01/29/2024","Portland","Philadelphia",26,34,12,25,32,5
"693","01/30/2024","New York","Utah",17,31,13,13,27,12
"694","01/30/2024","Boston","Indiana",18,30,17,12,38,12
"695","01/30/2024","Atlanta","LA Lakers",16,37,16,14,36,12
"696","01/30/2024","Chicago","Toronto",20,27,11,18,29,14
"697","01/30/2024","Golden State","Philadelphia",17,30,14,16,26,13
"698","01/31/2024","Washington","LA Clippers",10,36,9,19,35,12
"699","01/31/2024","Cleveland","Detroit",22,35,12,15,29,16
"700","01/31/2024","Charlotte","Chicago",14,24,16,16,34,11
"701","01/31/2024","Miami","Sacramento",18,29,13,12,29,12
"702","01/31/2024","Oklahoma City","Denver",20,26,11,11,22,15
"703","01/31/2024","San Antonio","Orlando",17,27,9,19,34,7
"704","01/31/2024","Minnesota","Dallas",18,32,13,19,25,6
"705","01/31/2024","Houston","New Orleans",16,22,13,17,30,11
"706","01/31/2024","Brooklyn","Phoenix",10,31,16,24,35,14
"707","01/31/2024","Portland","Milwaukee",9,37,12,13,32,13
"708","02/01/2024","New York","Indiana",19,33,8,8,29,13
"709","02/01/2024","Boston","LA Lakers",7,25,16,19,19,19
"710","02/01/2024","Memphis","Cleveland",15,25,12,12,27,14
"711","02/01/2024","Utah","Philadelphia",22,33,12,19,33,14
"712","02/02/2024","Washington","Miami",17,26,11,27,31,7
"713","02/02/2024","Detroit","LA Clippers",18,28,17,16,39,14
"714","02/02/2024","Indiana","Sacramento",20,36,10,18,38,13
"715","02/02/2024","Atlanta","Phoenix",14,32,17,12,33,14
"716","02/02/2024","San Antonio","New Orleans",11,36,10,15,39,7
"717","02/02/2024","Oklahoma City","Charlotte",21,27,17,10,27,14
"718","02/02/2024","Minnesota","Orlando",18,26,12,21,30,9
"719","02/02/2024","Memphis","Golden State",17,21,14,18,35,11
"720","02/02/2024","Houston","Toronto",14,44,11,15,29,11
"721","02/02/2024","Denver","Portland",16,34,12,24,27,10
"722","02/03/2024","Philadelphia","Brooklyn",21,32,12,18,29,20
"723","02/03/2024","Atlanta","Golden State",17,41,14,16,32,18
"724","02/03/2024","Chicago","Sacramento",20,31,11,24,27,15
"725","02/03/2024","San Antonio","Cleveland",17,24,12,12,33,13
"726","02/03/2024","Dallas","Milwaukee",21,24,16,17,38,12
"727","02/03/2024","New York","LA Lakers",13,31,10,23,27,12
"728","02/04/2024","Detroit","Orlando",19,28,8,11,35,10
"729","02/04/2024","Washington","Phoenix",11,40,7,21,43,11
"730","02/04/2024","Miami","LA Clippers",11,30,8,19,18,16
"731","02/04/2024","Charlotte","Indiana",21,27,8,14,34,11
"732","02/04/2024","Boston","Memphis",16,29,19,10,24,11
"733","02/04/2024","Oklahoma City","Toronto",8,29,23,17,34,14
"734","02/04/2024","Minnesota","Houston",20,29,11,18,21,10
"735","02/04/2024","Utah","Milwaukee",20,26,17,15,24,15
"736","02/04/2024","Denver","Portland",16,30,12,14,28,11
"737","02/05/2024","Philadelphia","Dallas",14,32,8,17,25,17
"738","02/05/2024","Cleveland","Sacramento",11,28,23,7,26,17
"739","02/05/2024","Charlotte","LA Lakers",11,34,13,16,42,8
"740","02/05/2024","Brooklyn","Golden State",17,21,13,19,39,4
"741","02/05/2024","Atlanta","LA Clippers",22,31,20,24,31,21
"742","02/05/2024","New Orleans","Toronto",13,34,19,10,30,10
"743","02/06/2024","Indiana","Houston",9,39,15,17,38,12
"744","02/06/2024","New York","Memphis",16,37,11,10,20,21
"745","02/06/2024","Miami","Orlando",14,34,13,15,25,10
"746","02/06/2024","Brooklyn","Dallas",13,29,12,8,27,19
"747","02/06/2024","Chicago","Minnesota",27,33,12,19,22,20
"748","02/06/2024","Utah","Oklahoma City",18,32,14,12,24,19
"749","02/06/2024","Phoenix","Milwaukee",18,36,8,15,26,13
"750","02/07/2024","Washington","Cleveland",6,26,16,16,31,12
"751","02/07/2024","Charlotte","Toronto",13,28,16,20,26,17
"752","02/07/2024","Miami","San Antonio",18,31,12,10,29,12
"753","02/07/2024","Boston","Atlanta",10,32,17,18,30,13
"754","02/07/2024","Philadelphia","Golden State",14,33,8,17,31,16
"755","02/07/2024","Sacramento","Detroit",15,30,15,22,30,17
"756","02/07/2024","LA Clippers","New Orleans",22,24,12,11,35,12
"757","02/08/2024","Orlando","San Antonio",13,33,16,16,31,11
"758","02/08/2024","Indiana","Golden State",19,27,12,10,35,17
"759","02/08/2024","New York","Dallas",10,28,14,18,25,18
"760","02/08/2024","Brooklyn","Cleveland",11,27,10,17,28,15
"761","02/08/2024","Milwaukee","Minnesota",11,26,14,12,27,21
"762","02/08/2024","Memphis","Chicago",8,24,18,20,31,12
"763","02/08/2024","Phoenix","Utah",11,38,14,21,29,12
"764","02/08/2024","Portland","Detroit",29,30,11,22,29,16
"765","02/08/2024","LA Lakers","Denver",16,33,8,6,33,14
"766","02/09/2024","Philadelphia","Atlanta",22,27,15,27,26,16
"767","02/09/2024","Toronto","Houston",17,30,10,13,23,15
"768","02/09/2024","Boston","Washington",26,37,11,19,25,20
"769","02/09/2024","Milwaukee","Charlotte",20,23,18,23,20,7
"770","02/09/2024","Sacramento","Denver",16,34,17,20,28,10
"771","02/09/2024","LA Lakers","New Orleans",27,35,14,19,35,11
"772","02/10/2024","Dallas","Oklahoma City",25,38,15,18,21,17
"773","02/10/2024","LA Clippers","Detroit",25,24,13,7,36,9
"774","02/10/2024","Brooklyn","San Antonio",8,32,17,20,25,11
"775","02/10/2024","Washington","Philadelphia",16,29,13,15,40,8
"776","02/10/2024","Orlando","Chicago",19,28,13,10,31,12
"777","02/10/2024","Charlotte","Memphis",5,31,16,4,27,16
"778","02/10/2024","Toronto","Cleveland",16,26,9,9,34,14
"779","02/10/2024","New York","Indiana",21,30,10,11,36,14
"780","02/10/2024","Atlanta","Houston",28,26,14,12,31,13
"781","02/10/2024","Golden State","Phoenix",6,28,17,15,32,11
"782","02/10/2024","Portland","New Orleans",12,27,6,11,26,10
"783","02/11/2024","Miami","Boston",14,28,12,12,25,16
"784","02/11/2024","Oklahoma City","Sacramento",22,33,13,9,28,16
"785","02/12/2024","Cleveland","Philadelphia",20,31,13,16,37,11
"786","02/12/2024","Charlotte","Indiana",13,34,10,10,34,8
"787","02/12/2024","Toronto","San Antonio",13,31,8,19,35,11
"788","02/12/2024","Atlanta","Chicago",24,30,14,21,38,13
"789","02/12/2024","Milwaukee","Denver",12,26,16,12,25,11
"790","02/12/2024","Memphis","New Orleans",7,22,12,19,19,13
"791","02/12/2024","Houston","New York",23,26,10,7,30,12
"792","02/12/2024","Dallas","Washington",17,34,9,9,37,7
"793","02/12/2024","Utah","Golden State",14,30,11,13,28,20
"794","02/12/2024","LA Clippers","Minnesota",23,25,9,18,35,11
"795","02/13/2024","Orlando","Oklahoma City",20,30,11,22,33,13
"796","02/13/2024","Brooklyn","Boston",17,24,15,17,28,15
"797","02/13/2024","Milwaukee","Miami",10,24,13,14,26,19
"798","02/13/2024","Portland","Minnesota",20,28,11,30,26,13
"799","02/13/2024","Phoenix","Sacramento",29,31,13,18,40,9
"800","02/13/2024","LA Lakers","Detroit",25,29,14,13,37,8
"801","02/14/2024","Philadelphia","Miami",12,31,10,14,31,11
"802","02/14/2024","Orlando","New York",10,36,12,19,24,11
"803","02/14/2024","Charlotte","Atlanta",19,29,15,18,27,9
"804","02/14/2024","Toronto","Indiana",19,44,6,16,30,17
"805","02/14/2024","Cleveland","Chicago",16,28,12,15,24,14
"806","02/14/2024","Boston","Brooklyn",10,30,22,14,21,10
"807","02/14/2024","New Orleans","Washington",23,40,10,17,23,21
"808","02/14/2024","Memphis","Houston",28,24,15,18,31,11
"809","02/14/2024","Dallas","San Antonio",7,38,11,11,26,10
"810","02/14/2024","Utah","LA Lakers",10,35,14,20,38,14
"811","02/14/2024","Phoenix","Detroit",36,25,10,14,28,10
"812","02/14/2024","Denver","Sacramento",19,26,9,15,30,9
"813","02/14/2024","Golden State","LA Clippers",13,29,18,29,31,13
"814","02/15/2024","Memphis","Milwaukee",12,31,13,15,31,11
"815","02/15/2024","Utah","Golden State",29,21,22,22,29,20
"816","02/15/2024","Portland","Minnesota",21,23,8,25,35,11
"817","02/22/2024","Toronto","Brooklyn",25,27,14,16,22,11
"818","02/22/2024","Philadelphia","New York",12,27,10,19,23,15
"819","02/22/2024","Indiana","Detroit",16,37,13,9,35,12
"820","02/22/2024","Cleveland","Orlando",21,29,10,16,29,14
"821","02/22/2024","Dallas","Phoenix",18,24,19,18,25,15
"822","02/22/2024","Oklahoma City","LA Clippers",12,33,17,11,30,12
"823","02/22/2024","New Orleans","Houston",11,34,16,18,21,15
"824","02/22/2024","Chicago","Boston",14,34,10,16,22,23
"825","02/22/2024","Utah","Charlotte",24,28,9,15,20,20
"826","02/22/2024","Denver","Washington",11,49,7,13,23,17
"827","02/22/2024","Sacramento","San Antonio",10,39,13,11,39,11
"828","02/22/2024","Golden State","LA Lakers",12,34,16,14,33,10
"829","02/23/2024","Philadelphia","Cleveland",12,28,12,21,26,8
"830","02/23/2024","Atlanta","Toronto",17,34,12,8,35,15
"831","02/23/2024","New Orleans","Miami",10,32,7,17,25,13
"832","02/23/2024","Oklahoma City","Washington",17,35,20,15,32,9
"833","02/23/2024","Memphis","LA Clippers",11,30,8,15,25,12
"834","02/23/2024","Houston","Phoenix",25,22,15,27,31,7
"835","02/23/2024","Portland","Denver",12,38,8,14,37,13
"836","02/23/2024","Golden State","Charlotte",8,25,13,9,21,11
"837","02/23/2024","Minnesota","Milwaukee",8,30,13,17,28,13
"838","02/23/2024","LA Lakers","San Antonio",14,38,11,19,27,15
"839","02/24/2024","Detroit","Orlando",9,29,14,14,31,12
"840","02/24/2024","New York","Boston",15,24,13,9,31,15
"841","02/24/2024","Minnesota","Brooklyn",17,24,12,10,29,6
"842","02/25/2024","Philadelphia","Milwaukee",10,20,16,15,25,18
"843","02/25/2024","Phoenix","LA Lakers",18,27,17,4,32,15
"844","02/25/2024","Indiana","Dallas",15,38,14,15,27,14
"845","02/25/2024","Washington","Cleveland",13,28,12,20,32,10
"846","02/25/2024","Golden State","Denver",22,24,11,22,32,11
"847","02/25/2024","New Orleans","Chicago",10,24,16,19,28,13
"848","02/25/2024","Houston","Oklahoma City",18,22,16,14,29,17
"849","02/25/2024","Atlanta","Orlando",15,29,12,8,21,14
"850","02/25/2024","Utah","San Antonio",19,29,17,12,29,13
"851","02/25/2024","Portland","Charlotte",11,30,3,12,30,7
"852","02/25/2024","LA Clippers","Sacramento",19,32,8,18,30,15
"853","02/26/2024","Indiana","Toronto",17,33,13,12,41,12
"854","02/26/2024","New York","Detroit",16,26,15,21,24,14
"855","02/26/2024","Memphis","Brooklyn",21,22,7,8,29,15
"856","02/26/2024","Sacramento","Miami",7,32,13,20,34,11
"857","02/27/2024","Washington","Golden State",8,34,12,8,26,21
"858","02/27/2024","Orlando","Brooklyn",21,30,9,11,23,8
"859","02/27/2024","Cleveland","Dallas",13,24,20,9,34,14
"860","02/27/2024","New York","New Orleans",16,17,14,19,21,18
"861","02/27/2024","Boston","Philadelphia",34,34,5,11,23,14
"862","02/27/2024","Atlanta","Utah",20,34,12,16,24,11
"863","02/27/2024","Milwaukee","Charlotte",15,30,16,14,19,11
"864","02/27/2024","Chicago","Detroit",15,37,2,17,23,14
"865","02/27/2024","Minnesota","San Antonio",15,30,13,11,23,16
"866","02/27/2024","Portland","Miami",16,25,10,18,23,14
"867","02/27/2024","Oklahoma City","Houston",14,34,10,12,28,9
"868","02/28/2024","Toronto","Dallas",20,33,13,17,37,15
"869","02/28/2024","Indiana","New Orleans",9,36,14,19,31,11
"870","02/28/2024","Chicago","Cleveland",31,31,13,11,23,22
"871","02/28/2024","Minnesota","Memphis",18,25,14,18,25,11
"872","02/28/2024","Denver","Sacramento",10,31,15,8,26,12
"873","02/28/2024","LA Clippers","LA Lakers",12,35,10,8,33,14
"874","02/29/2024","Orlando","Utah",21,32,10,23,18,16
"875","02/29/2024","Charlotte","Milwaukee",15,24,12,17,23,16
"876","02/29/2024","New York","Golden State",17,23,12,8,30,14
"877","02/29/2024","Brooklyn","Atlanta",10,24,22,15,29,8
"878","02/29/2024","San Antonio","Oklahoma City",17,29,19,21,35,9
"879","02/29/2024","Phoenix","Houston",25,23,13,28,22,11
"880","02/29/2024","Denver","Miami",19,24,12,20,28,7
"881","02/29/2024","LA Lakers","Washington",20,45,8,10,35,17
"882","03/01/2024","Philadelphia","Charlotte",10,27,19,14,29,14
"883","03/01/2024","Detroit","Cleveland",24,23,10,26,15,18
"884","03/01/2024","Toronto","Golden State",11,29,12,14,26,18
"885","03/01/2024","Boston","Dallas",13,31,21,13,35,9
"886","03/01/2024","New Orleans","Indiana",18,33,15,12,30,10
"887","03/01/2024","Minnesota","Sacramento",24,30,12,13,39,11
"888","03/01/2024","Memphis","Portland",13,26,9,13,35,13
"889","03/01/2024","Chicago","Milwaukee",14,25,11,24,22,15
"890","03/01/2024","LA Clippers","Washington",19,41,13,11,34,12
"891","03/02/2024","Brooklyn","Atlanta",17,26,15,17,26,11
"892","03/02/2024","Miami","Utah",21,33,13,22,28,14
"893","03/02/2024","Memphis","Portland",25,15,15,18,28,11
"894","03/02/2024","LA Lakers","Denver",8,35,12,5,43,11
"895","03/02/2024","Phoenix","Houston",22,30,9,18,26,16
"896","03/03/2024","Dallas","Philadelphia",20,24,16,29,29,11
"897","03/03/2024","Minnesota","LA Clippers",17,22,9,15,22,10
"898","03/03/2024","Boston","Golden State",9,28,25,9,29,7
"899","03/03/2024","Toronto","Charlotte",14,29,13,12,35,8
"900","03/03/2024","Orlando","Detroit",20,36,7,17,25,8
"901","03/03/2024","San Antonio","Indiana",15,36,10,17,35,6
"902","03/03/2024","Cleveland","New York",3,22,17,7,26,16
"903","03/03/2024","Phoenix","Oklahoma City",16,26,14,11,40,9
"904","03/04/2024","Brooklyn","Memphis",17,20,15,18,26,12
"905","03/04/2024","Minnesota","Portland",28,29,11,8,29,16
"906","03/04/2024","Milwaukee","LA Clippers",24,22,15,16,21,16
"907","03/04/2024","Utah","Washington",13,33,16,19,24,16
"908","03/04/2024","Sacramento","Chicago",16,30,11,18,31,11
"909","03/04/2024","LA Lakers","Oklahoma City",18,25,16,15,22,15
"910","03/05/2024","Charlotte","Orlando",11,21,12,8,27,13
"911","03/05/2024","Toronto","New Orleans",13,23,13,9,29,24
"912","03/05/2024","New York","Atlanta",8,22,16,18,34,10
"913","03/05/2024","Miami","Detroit",20,28,14,20,27,12
"914","03/05/2024","Brooklyn","Philadelphia",18,29,12,15,28,12
"915","03/05/2024","Cleveland","Boston",7,19,20,11,24,15
"916","03/05/2024","Houston","San Antonio",7,40,9,13,26,12
"917","03/05/2024","Dallas","Indiana",17,32,13,19,32,18
"918","03/05/2024","Denver","Phoenix",10,26,15,18,27,15
"919","03/06/2024","Washington","Orlando",17,28,12,19,32,12
"920","03/06/2024","Houston","LA Clippers",10,29,16,22,32,12
"921","03/06/2024","Philadelphia","Memphis",18,26,13,20,28,13
"922","03/06/2024","Atlanta","Cleveland",15,32,11,13,29,10
"923","03/06/2024","Utah","Chicago",14,29,15,12,28,17
"924","03/06/2024","Portland","Oklahoma City",24,27,14,33,34,9
"925","03/06/2024","Golden State","Milwaukee",4,32,19,11,23,11
"926","03/06/2024","LA Lakers","Sacramento",21,27,15,10,42,12
"927","03/07/2024","Indiana","Minnesota",17,32,10,14,39,7
"928","03/07/2024","Detroit","Brooklyn",20,31,12,13,24,17
"929","03/07/2024","Dallas","Miami",18,24,16,11,23,17
"930","03/07/2024","Phoenix","Toronto",17,29,15,11,27,16
"931","03/07/2024","Sacramento","San Antonio",17,42,10,21,30,16
"932","03/07/2024","Golden State","Chicago",23,33,11,17,30,16
"933","03/07/2024","Denver","Boston",21,41,4,16,30,11
"934","03/08/2024","Washington","Charlotte",20,37,6,11,31,9
"935","03/08/2024","Philadelphia","New Orleans",16,26,9,22,24,11
"936","03/08/2024","New York","Orlando",6,22,16,14,21,6
"937","03/08/2024","Cleveland","Minnesota",26,27,11,18,31,8
"938","03/08/2024","Oklahoma City","Miami",11,30,12,13,27,11
"939","03/08/2024","Memphis","Atlanta",22,20,10,10,22,15
"940","03/08/2024","Portland","Houston",17,21,16,19,31,14
"941","03/08/2024","LA Lakers","Milwaukee",13,31,16,14,30,16
"942","03/09/2024","LA Clippers","Chicago",16,30,12,15,24,13
"943","03/09/2024","Detroit","Dallas",21,32,13,26,37,14
"944","03/09/2024","Charlotte","Brooklyn",11,33,11,13,22,14
"945","03/09/2024","Golden State","San Antonio",21,31,10,21,27,17
"946","03/09/2024","Phoenix","Boston",10,35,9,10,31,15
"947","03/09/2024","Denver","Utah",13,36,19,19,39,8
"948","03/09/2024","Portland","Toronto",14,33,16,16,27,16
"949","03/10/2024","LA Clippers","Milwaukee",9,33,14,21,26,17
"950","03/10/2024","Sacramento","Houston",20,33,6,22,27,12
"951","03/10/2024","Orlando","Indiana",22,24,9,27,30,8
"952","03/10/2024","Miami","Washington",12,33,10,16,23,16
"953","03/10/2024","Atlanta","New Orleans",10,21,17,16,29,14
"954","03/10/2024","Oklahoma City","Memphis",5,28,21,18,21,11
"955","03/10/2024","Cleveland","Brooklyn",13,23,14,18,24,18
"956","03/10/2024","New York","Philadelphia",12,17,9,8,22,9
"957","03/10/2024","LA Lakers","Minnesota",22,34,10,11,25,16
"958","03/11/2024","Detroit","Charlotte",22,31,10,16,21,13
"959","03/11/2024","Cleveland","Phoenix",16,25,15,13,34,12
"960","03/11/2024","San Antonio","Golden State",10,25,14,8,34,12
"961","03/11/2024","Chicago","Dallas",15,28,7,12,38,13
"962","03/11/2024","Denver","Toronto",11,42,10,14,36,11
"963","03/11/2024","Portland","Boston",11,29,10,8,34,15
"964","03/12/2024","New York","Philadelphia",12,26,14,11,22,8
"965","03/12/2024","Oklahoma City","Indiana",11,29,14,16,39,9
"966","03/12/2024","Memphis","Washington",17,34,8,12,26,11
"967","03/12/2024","San Antonio","Houston",12,28,11,19,27,10
"968","03/12/2024","Utah","Boston",10,26,15,17,23,20
"969","03/12/2024","Sacramento","Milwaukee",13,31,18,27,23,7
"970","03/12/2024","LA Clippers","Minnesota",21,23,11,10,36,12
"971","03/13/2024","Orlando","Brooklyn",20,26,14,23,31,7
"972","03/13/2024","Detroit","Toronto",24,28,11,13,32,9
"973","03/13/2024","Miami","Denver",15,29,5,9,29,11
"974","03/13/2024","Indiana","Chicago",23,32,14,26,38,10
"975","03/13/2024","New Orleans","Cleveland",21,31,4,2,27,20
"976","03/13/2024","Memphis","Charlotte",10,20,16,9,31,13
"977","03/13/2024","Dallas","Golden State",15,38,6,16,28,9
"978","03/13/2024","Sacramento","LA Lakers",9,27,19,17,24,14
"979","03/13/2024","Portland","Atlanta",20,28,10,12,24,14
"980","03/14/2024","Boston","Phoenix",8,22,25,7,36,11
"981","03/14/2024","Milwaukee","Philadelphia",20,23,16,10,22,17
"982","03/14/2024","Houston","Washington",21,39,12,15,34,12
"983","03/14/2024","Chicago","LA Clippers",13,25,16,10,28,20
"984","03/14/2024","Portland","New York",14,23,11,23,32,6
"985","03/14/2024","Oklahoma City","Dallas",20,29,16,21,31,12
"986","03/15/2024","Detroit","Miami",13,26,10,15,36,7
"987","03/15/2024","Charlotte","Phoenix",20,29,6,16,29,11
"988","03/15/2024","Toronto","Orlando",13,24,14,19,26,14
"989","03/15/2024","New Orleans","LA Clippers",15,29,13,18,25,12
"990","03/15/2024","San Antonio","Denver",21,26,11,9,39,10
"991","03/15/2024","Utah","Atlanta",18,32,14,20,21,20
"992","03/16/2024","Houston","Cleveland",8,32,15,17,25,12
"993","03/16/2024","New Orleans","Portland",9,39,13,11,30,12
"994","03/16/2024","Philadelphia","Charlotte",24,23,13,14,27,10
"995","03/16/2024","Indiana","Brooklyn",15,44,6,24,23,10
"996","03/16/2024","Memphis","Oklahoma City",20,19,18,16,33,12
"997","03/16/2024","Chicago","Washington",21,41,8,13,23,13
"998","03/16/2024","LA Lakers","Golden State",15,35,12,12,37,14
"999","03/16/2024","Utah","Minnesota",18,32,6,12,25,19
"1000","03/16/2024","Sacramento","New York",21,20,10,13,26,11
"1001","03/17/2024","Milwaukee","Phoenix",14,27,24,13,37,14
"1002","03/17/2024","Detroit","Miami",11,24,14,12,28,12
"1003","03/17/2024","Dallas","Denver",14,33,9,19,25,12
"1004","03/17/2024","Washington","Boston",12,31,10,20,19,24
"1005","03/17/2024","Orlando","Toronto",14,32,11,14,29,8
"1006","03/17/2024","San Antonio","Brooklyn",21,37,9,13,39,8
"1007","03/17/2024","LA Clippers","Atlanta",26,17,11,11,24,17
"1008","03/18/2024","Indiana","Cleveland",10,33,9,20,26,12
"1009","03/18/2024","Philadelphia","Miami",11,24,13,9,23,12
"1010","03/18/2024","Boston","Detroit",11,21,22,13,27,9
"1011","03/18/2024","Chicago","Portland",17,30,11,19,32,8
"1012","03/18/2024","Utah","Minnesota",12,25,14,10,28,16
"1013","03/18/2024","Sacramento","Memphis",26,31,11,24,24,13
"1014","03/18/2024","Golden State","New York",14,28,14,17,30,14
"1015","03/18/2024","LA Lakers","Atlanta",17,37,15,12,33,9
"1016","03/19/2024","Washington","Houston",15,27,15,30,34,13
"1017","03/19/2024","Orlando","Charlotte",12,32,12,7,29,9
"1018","03/19/2024","Brooklyn","New Orleans",17,19,12,10,32,10
"1019","03/19/2024","San Antonio","Dallas",15,25,14,15,34,10
"1020","03/19/2024","Minnesota","Denver",16,30,12,17,28,14
"1021","03/20/2024","Detroit","Indiana",24,32,5,11,39,11
"1022","03/20/2024","Cleveland","Miami",19,20,15,18,25,13
"1023","03/20/2024","Toronto","Sacramento",13,23,10,15,36,12
"1024","03/20/2024","Boston","Milwaukee",24,22,18,12,28,17
"1025","03/20/2024","Oklahoma City","Utah",23,33,10,17,30,10
"1026","03/20/2024","Portland","LA Clippers",10,24,15,13,32,13
"1027","03/20/2024","Phoenix","Philadelphia",6,26,19,7,28,13
"1028","03/20/2024","Golden State","Memphis",2,39,19,14,24,18
"1029","03/21/2024","Washington","Sacramento",17,31,10,17,26,11
"1030","03/21/2024","Orlando","New Orleans",13,33,14,16,36,6
"1031","03/21/2024","Milwaukee","Brooklyn",13,27,16,13,28,13
"1032","03/21/2024","Houston","Chicago",16,30,17,21,30,12
"1033","03/21/2024","Dallas","Utah",17,33,10,17,34,4
"1034","03/21/2024","Denver","New York",17,39,6,13,27,11
"1035","03/21/2024","Phoenix","Atlanta",24,19,22,23,28,12
"1036","03/22/2024","Toronto","Oklahoma City",12,29,11,15,36,12
"1037","03/22/2024","Detroit","Boston",9,33,9,19,31,16
"1038","03/22/2024","San Antonio","Memphis",16,30,7,21,21,12
"1039","03/22/2024","Minnesota","Cleveland",8,27,14,16,27,7
"1040","03/22/2024","Miami","New Orleans",13,18,13,9,24,18
"1041","03/22/2024","Portland","LA Clippers",15,33,12,23,30,14
"1042","03/22/2024","Golden State","Indiana",11,29,14,12,33,15
"1043","03/22/2024","LA Lakers","Philadelphia",25,20,12,20,25,8
"1044","03/23/2024","New York","Brooklyn",6,27,15,13,22,12
"1045","03/23/2024","Orlando","Sacramento",13,32,10,18,23,15
"1046","03/23/2024","Atlanta","Charlotte",12,30,20,10,24,11
"1047","03/23/2024","San Antonio","Phoenix",17,31,9,8,45,11
"1048","03/23/2024","Houston","Utah",12,27,27,28,29,11
"1049","03/23/2024","Chicago","Boston",10,38,9,15,23,21
"1050","03/23/2024","Washington","Toronto",13,33,11,21,32,8
"1051","03/23/2024","Portland","Denver",15,33,10,24,33,8
"1052","03/24/2024","Detroit","New Orleans",26,21,11,21,30,11
"1053","03/24/2024","LA Clippers","Philadelphia",17,30,10,7,30,18
"1054","03/24/2024","Miami","Cleveland",20,28,15,15,21,9
"1055","03/24/2024","Minnesota","Golden State",13,19,21,20,24,14
"1056","03/24/2024","Milwaukee","Oklahoma City",9,38,11,17,23,10
"1057","03/24/2024","LA Lakers","Indiana",38,38,12,9,41,18
"1058","03/25/2024","Cleveland","Charlotte",6,29,17,15,25,9
"1059","03/25/2024","Toronto","Brooklyn",9,32,5,13,28,9
"1060","03/25/2024","New York","Detroit",15,26,19,21,24,10
"1061","03/25/2024","Atlanta","Boston",10,28,18,13,36,11
"1062","03/25/2024","San Antonio","Phoenix",16,32,8,8,32,10
"1063","03/25/2024","Houston","Portland",24,25,12,13,29,7
"1064","03/25/2024","Chicago","Washington",23,26,10,15,25,14
"1065","03/25/2024","Utah","Dallas",18,24,13,15,32,12
"1066","03/25/2024","Denver","Memphis",17,33,15,18,26,11
"1067","03/25/2024","Sacramento","Philadelphia",22,28,10,17,23,11
"1068","03/25/2024","LA Clippers","Indiana",18,40,6,16,33,17
"1069","03/26/2024","Milwaukee","LA Lakers",11,34,15,30,28,14
"1070","03/26/2024","Miami","Golden State",10,29,8,6,34,13
"1071","03/26/2024","New Orleans","Oklahoma City",20,25,14,12,31,15
"1072","03/26/2024","Sacramento","Dallas",15,24,11,8,29,22
"1073","03/27/2024","Washington","Brooklyn",13,32,14,18,37,10
"1074","03/27/2024","Orlando","Golden State",11,26,10,11,30,10
"1075","03/27/2024","Charlotte","Cleveland",17,31,13,8,23,19
"1076","03/27/2024","Toronto","New York",12,28,11,13,33,22
"1077","03/27/2024","Philadelphia","LA Clippers",16,26,13,14,26,14
"1078","03/27/2024","Atlanta","Portland",16,28,16,6,29,14
"1079","03/27/2024","Oklahoma City","Houston",18,33,14,17,35,15
"1080","03/27/2024","Minnesota","Detroit",11,31,11,20,22,9
"1081","03/27/2024","Memphis","LA Lakers",15,29,17,28,27,18
"1082","03/27/2024","Chicago","Indiana",15,37,12,18,21,13
"1083","03/27/2024","Utah","San Antonio",20,26,13,14,28,16
"1084","03/27/2024","Denver","Phoenix",11,28,10,10,23,16
"1085","03/28/2024","Atlanta","Boston",6,36,15,18,31,14
"1086","03/28/2024","New Orleans","Milwaukee",27,28,8,10,24,14
"1087","03/29/2024","Washington","Detroit",6,27,9,16,31,6
"1088","03/29/2024","Orlando","LA Clippers",11,28,10,10,33,8
"1089","03/29/2024","Indiana","LA Lakers",13,33,10,15,30,5
"1090","03/29/2024","Charlotte","Golden State",17,22,12,8,37,11
"1091","03/29/2024","Cleveland","Philadelphia",11,29,16,14,26,16
"1092","03/29/2024","Brooklyn","Chicago",14,18,25,23,29,9
"1093","03/29/2024","San Antonio","New York",26,28,16,10,37,14
"1094","03/29/2024","Oklahoma City","Phoenix",14,33,16,12,26,13
"1095","03/29/2024","Miami","Portland",13,33,21,7,30,5
"1096","03/29/2024","Denver","Minnesota",20,27,8,26,29,9
"1097","03/29/2024","Utah","Houston",18,29,8,18,22,13
"1098","03/29/2024","Sacramento","Dallas",8,25,15,22,20,15
"1099","03/30/2024","New Orleans","Boston",11,21,13,11,24,15
"1100","03/30/2024","Orlando","Memphis",20,16,22,14,19,12
"1101","03/30/2024","Atlanta","Milwaukee",15,28,14,28,35,8
"1102","03/31/2024","Denver","Cleveland",9,29,21,17,30,8
"1103","03/31/2024","Washington","Miami",16,29,11,25,26,14
"1104","03/31/2024","Toronto","Philadelphia",15,36,11,13,25,24
"1105","03/31/2024","Charlotte","LA Clippers",7,21,23,30,29,14
"1106","03/31/2024","Brooklyn","LA Lakers",14,27,12,17,27,15
"1107","03/31/2024","San Antonio","Golden State",16,23,17,11,29,16
"1108","03/31/2024","Minnesota","Chicago",14,27,11,8,25,17
"1109","03/31/2024","Houston","Dallas",16,26,13,5,24,24
"1110","03/31/2024","New York","Oklahoma City",23,25,13,12,31,13
"1111","03/31/2024","Sacramento","Utah",17,25,20,22,18,16
"1112","04/01/2024","Orlando","Portland",21,25,11,12,29,11
"1113","04/01/2024","Indiana","Brooklyn",14,40,13,19,31,10
"1114","04/01/2024","Detroit","Memphis",17,29,11,19,29,11
"1115","04/01/2024","Charlotte","Boston",9,28,13,13,24,19
"1116","04/01/2024","New Orleans","Phoenix",16,31,11,20,25,18
"1117","04/01/2024","Chicago","Atlanta",20,30,7,12,22,19
"1118","04/02/2024","Washington","Milwaukee",14,38,9,12,34,11
"1119","04/02/2024","Toronto","LA Lakers",15,33,10,6,34,18
"1120","04/02/2024","Miami","New York",20,19,17,17,23,12
"1121","04/02/2024","Philadelphia","Oklahoma City",23,22,14,18,24,13
"1122","04/02/2024","Minnesota","Houston",20,30,11,10,27,14
"1123","04/02/2024","Utah","Cleveland",15,25,16,21,30,16
"1124","04/02/2024","Denver","San Antonio",13,32,11,8,29,13
"1125","04/02/2024","Sacramento","LA Clippers",19,27,12,22,20,11
"1126","04/02/2024","Golden State","Dallas",7,26,15,7,24,15
"1127","04/03/2024","Washington","LA Lakers",12,27,18,25,38,8
"1128","04/03/2024","Charlotte","Portland",17,27,5,8,30,7
"1129","04/03/2024","Brooklyn","Indiana",19,30,12,9,36,10
"1130","04/03/2024","Boston","Oklahoma City",18,33,17,25,30,5
"1131","04/03/2024","Atlanta","Detroit",10,36,13,17,33,10
"1132","04/03/2024","New Orleans","Orlando",24,24,12,22,28,13
"1133","04/03/2024","Minnesota","Toronto",15,29,20,12,26,7
"1134","04/03/2024","Milwaukee","Memphis",7,20,18,12,39,7
"1135","04/03/2024","Phoenix","Cleveland",16,26,18,16,32,7
"1136","04/04/2024","Dallas","Atlanta",15,20,18,14,21,13
"1137","04/04/2024","New York","Sacramento",20,32,12,7,24,18
"1138","04/04/2024","Miami","Philadelphia",14,26,13,9,29,14
"1139","04/04/2024","Houston","Golden State",26,24,12,22,30,17
"1140","04/04/2024","LA Clippers","Denver",27,27,7,17,25,11
"1141","04/05/2024","Washington","Portland",21,33,5,17,32,9
"1142","04/05/2024","Indiana","Oklahoma City",19,31,15,20,34,8
"1143","04/05/2024","Charlotte","Orlando",23,28,15,22,33,9
"1144","04/05/2024","Boston","Sacramento",13,26,12,7,21,17
"1145","04/05/2024","New Orleans","San Antonio",12,35,9,10,25,17
"1146","04/05/2024","Milwaukee","Toronto",17,29,12,31,22,14
"1147","04/05/2024","Memphis","Detroit",14,32,10,18,24,8
"1148","04/05/2024","Houston","Miami",22,20,14,18,31,13
"1149","04/05/2024","Chicago","New York",13,37,7,18,26,10
"1150","04/05/2024","Dallas","Golden State",16,28,12,12,29,12
"1151","04/05/2024","Phoenix","Minnesota",22,24,9,11,23,10
"1152","04/05/2024","LA Clippers","Utah",16,38,13,23,26,9
"1153","04/06/2024","LA Lakers","Cleveland",10,29,16,8,28,11
"1154","04/06/2024","Brooklyn","Detroit",26,27,11,2,25,17
"1155","04/06/2024","Memphis","Philadelphia",15,27,9,18,25,16
"1156","04/06/2024","Denver","Atlanta",13,30,23,24,25,12
"1157","04/07/2024","LA Clippers","Cleveland",24,27,14,23,31,11
"1158","04/07/2024","Dallas","Houston",40,31,15,27,29,17
"1159","04/07/2024","Indiana","Miami",20,35,9,29,31,8
"1160","04/07/2024","Phoenix","New Orleans",13,25,14,17,24,16
"1161","04/07/2024","Toronto","Washington",21,38,11,22,26,16
"1162","04/07/2024","Orlando","Chicago",18,31,11,16,32,6
"1163","04/07/2024","Charlotte","Oklahoma City",11,28,17,13,27,18
"1164","04/07/2024","Boston","Portland",10,33,16,13,26,14
"1165","04/07/2024","San Antonio","Philadelphia",22,28,16,17,40,12
"1166","04/07/2024","Milwaukee","New York",27,23,12,18,31,14
"1167","04/07/2024","Brooklyn","Sacramento",10,23,7,12,25,15
"1168","04/07/2024","Golden State","Utah",6,35,14,17,24,15
"1169","04/07/2024","LA Lakers","Minnesota",28,28,11,12,35,15
"1170","04/09/2024","Toronto","Indiana",24,42,5,16,38,16
"1171","04/09/2024","Philadelphia","Detroit",19,31,13,20,20,14
"1172","04/09/2024","Charlotte","Dallas",16,29,10,13,33,17
"1173","04/09/2024","Milwaukee","Boston",1,26,17,0,20,17
"1174","04/09/2024","Atlanta","Miami",11,35,10,15,24,18
"1175","04/09/2024","Oklahoma City","Sacramento",23,28,11,19,13,20
"1176","04/09/2024","Minnesota","Washington",26,25,18,13,24,20
"1177","04/09/2024","Memphis","San Antonio",9,30,6,8,32,10
"1178","04/09/2024","Houston","Orlando",13,30,15,21,32,7
"1179","04/09/2024","Chicago","New York",13,37,10,19,29,17
"1180","04/09/2024","Utah","Denver",13,26,10,5,32,14
"1181","04/09/2024","Portland","New Orleans",7,27,13,27,25,11
"1182","04/09/2024","Phoenix","LA Clippers",24,22,8,11,29,12
"1183","04/09/2024","LA Lakers","Golden State",20,32,12,14,21,26
"1184","04/10/2024","Cleveland","Memphis",21,22,15,18,19,14
"1185","04/10/2024","Miami","Dallas",13,20,13,10,28,15
"1186","04/10/2024","Brooklyn","Toronto",19,27,11,16,19,16
"1187","04/10/2024","Atlanta","Charlotte",10,25,18,21,26,14
"1188","04/10/2024","Oklahoma City","San Antonio",17,31,16,16,23,9
"1189","04/10/2024","Milwaukee","Orlando",16,28,15,16,25,11
"1190","04/10/2024","Denver","Minnesota",13,35,11,12,28,13
"1191","04/10/2024","LA Clippers","Phoenix",8,32,12,14,28,18
"1192","04/11/2024","Detroit","Chicago",15,24,14,11,37,14
"1193","04/11/2024","Boston","New York",13,24,16,6,35,14
"1194","04/11/2024","Utah","Houston",22,30,14,20,19,21
"1195","04/11/2024","Sacramento","New Orleans",15,30,16,15,27,22
"1196","04/11/2024","Portland","Golden State",14,27,8,16,24,12
"1197","04/12/2024","Washington","Chicago",19,27,18,19,34,14
"1198","04/12/2024","Philadelphia","Orlando",23,24,18,19,35,8
"1199","04/12/2024","New York","Brooklyn",21,24,14,14,30,11
"1200","04/12/2024","Cleveland","Indiana",16,37,13,19,37,9
"1201","04/12/2024","Boston","Charlotte",9,40,14,19,17,15
"1202","04/12/2024","San Antonio","Denver",16,30,15,9,36,13
"1203","04/12/2024","Oklahoma City","Milwaukee",18,34,13,12,31,11
"1204","04/12/2024","Minnesota","Atlanta",23,28,10,17,31,9
"1205","04/12/2024","Memphis","LA Lakers",17,26,17,26,29,13
"1206","04/12/2024","Miami","Toronto",18,28,17,19,27,10
"1207","04/12/2024","Dallas","Detroit",9,28,8,7,38,8
"1208","04/12/2024","Portland","Houston",21,25,12,17,33,11
"1209","04/12/2024","Golden State","New Orleans",16,27,13,10,22,20
"1210","04/12/2024","Sacramento","Phoenix",13,26,14,16,28,12
"1211","04/12/2024","LA Clippers","Utah",13,33,10,22,35,6
"1212","04/14/2024","Philadelphia","Brooklyn",11,27,14,13,23,9
"1213","04/14/2024","Orlando","Milwaukee",18,31,11,21,23,7
"1214","04/14/2024","New York","Chicago",16,34,12,13,41,8
"1215","04/14/2024","Miami","Toronto",17,37,9,18,29,9
"1216","04/14/2024","Indiana","Atlanta",8,46,19,25,27,12
"1217","04/14/2024","Cleveland","Charlotte",6,28,16,9,27,19
"1218","04/14/2024","Boston","Washington",14,35,16,10,35,14
"1219","04/14/2024","Sacramento","Portland",22,30,13,13,24,7
"1220","04/14/2024","LA Clippers","Houston",15,33,8,5,39,11
"1221","04/14/2024","Golden State","Utah",19,31,14,10,32,14
"1222","04/14/2024","San Antonio","Detroit",10,34,15,15,28,8
"1223","04/14/2024","Oklahoma City","Dallas",13,40,14,14,24,8
"1224","04/14/2024","New Orleans","LA Lakers",11,26,15,17,37,11
"1225","04/14/2024","Minnesota","Phoenix",25,27,9,15,31,16
"1226","04/14/2024","Memphis","Denver",13,37,8,22,34,12
"1227","04/16/2024","New Orleans","LA Lakers",11,34,9,26,21,14
"1228","04/16/2024","Sacramento","Golden State",14,25,18,18,23,10
"1229","04/17/2024","Philadelphia","Miami",21,24,12,14,24,14
"1230","04/17/2024","Chicago","Atlanta",12,43,11,23,30,11
"1231","04/19/2024","Miami","Chicago",22,24,14,8,22,13
"1232","04/19/2024","New Orleans","Sacramento",10,37,7,15,25,11
"1233","04/20/2024","Cleveland","Orlando",17,28,8,19,20,8
"1234","04/20/2024","Minnesota","Phoenix",20,32,12,20,24,9
"1235","04/20/2024","New York","Philadelphia",23,20,16,20,24,12
"1236","04/20/2024","Denver","LA Lakers",5,32,15,17,31,8
"1237","04/21/2024","Boston","Miami",14,17,22,6,26,12
"1238","04/21/2024","LA Clippers","Dallas",11,22,18,25,21,10
"1239","04/21/2024","Milwaukee","Indiana",13,27,14,14,28,8
"1240","04/21/2024","Oklahoma City","New Orleans",10,27,10,7,26,11
"1241","04/22/2024","Cleveland","Orlando",16,22,12,19,20,9
"1242","04/22/2024","New York","Philadelphia",19,26,11,16,23,13
"1243","04/22/2024","Denver","LA Lakers",15,31,8,10,25,13
"1244","04/23/2024","Minnesota","Phoenix",26,26,9,15,27,8
"1245","04/23/2024","Milwaukee","Indiana",19,25,13,9,34,16
"1246","04/23/2024","LA Clippers","Dallas",21,24,8,18,18,14
"1247","04/24/2024","Boston","Miami",15,25,12,14,14,23
"1248","04/24/2024","Oklahoma City","New Orleans",18,32,14,19,26,7
"1249","04/25/2024","Orlando","Cleveland",14,34,13,11,24,8
"1250","04/25/2024","Philadelphia","New York",28,26,15,13,31,13
"1251","04/25/2024","LA Lakers","Denver",12,39,5,19,39,5
"1252","04/26/2024","Indiana","Milwaukee",18,32,13,26,31,10
"1253","04/26/2024","Dallas","LA Clippers",14,30,9,16,22,10
"1254","04/26/2024","Phoenix","Minnesota",28,24,11,27,30,13
"1255","04/27/2024","Orlando","Cleveland",14,31,12,17,30,4
"1256","04/27/2024","New Orleans","Oklahoma City",12,23,9,9,23,17
"1257","04/27/2024","Miami","Boston",11,23,9,15,28,11
"1258","04/27/2024","LA Lakers","Denver",15,40,8,21,30,9
"1259","04/28/2024","Philadelphia","New York",25,20,9,16,30,7
"1260","04/28/2024","Dallas","LA Clippers",20,29,11,12,25,18
"1261","04/28/2024","Indiana","Milwaukee",12,24,22,9,34,12
"1262","04/28/2024","Phoenix","Minnesota",30,28,10,25,26,15
"1263","04/29/2024","Miami","Boston",9,26,9,16,22,14
"1264","04/29/2024","New Orleans","Oklahoma City",17,24,8,15,23,12
"1265","04/29/2024","Denver","LA Lakers",8,26,16,18,29,10
"1266","04/30/2024","New York","Philadelphia",16,30,10,13,27,15
"1267","04/30/2024","Cleveland","Orlando",15,25,13,22,27,9
"1268","04/30/2024","Milwaukee","Indiana",16,33,11,8,24,12
"1269","05/01/2024","Boston","Miami",18,26,16,9,33,3
"1270","05/01/2024","LA Clippers","Dallas",18,24,9,15,33,14
"1271","05/02/2024","Indiana","Milwaukee",15,33,13,21,28,7
"1272","05/02/2024","Philadelphia","New York",22,21,17,18,29,14
"1273","05/03/2024","Orlando","Cleveland",22,24,11,5,35,7
"1274","05/03/2024","Dallas","LA Clippers",22,28,12,25,26,8
"1275","05/04/2024","Denver","Minnesota",16,22,13,9,32,11
"1276","05/05/2024","Cleveland","Orlando",30,26,8,26,19,10
"1277","05/06/2024","New York","Indiana",22,33,11,15,36,10
"1278","05/06/2024","Denver","Minnesota",13,20,9,9,29,13
"1279","05/07/2024","Boston","Cleveland",12,27,18,10,26,11
"1280","05/07/2024","Oklahoma City","Dallas",21,24,16,17,21,12
"1281","05/08/2024","New York","Indiana",18,35,14,10,33,15
"1282","05/09/2024","Boston","Cleveland",20,25,8,11,34,13
"1283","05/09/2024","Oklahoma City","Dallas",16,32,10,17,24,18
"1284","05/10/2024","Indiana","New York",15,30,12,16,24,14
"1285","05/10/2024","Minnesota","Denver",18,21,10,17,29,14
"1286","05/11/2024","Dallas","Oklahoma City",16,28,11,15,28,10
"1287","05/11/2024","Cleveland","Boston",9,24,12,11,28,13
"1288","05/12/2024","Indiana","New York",7,36,14,22,23,7
"1289","05/12/2024","Minnesota","Denver",18,28,11,12,32,13
"1290","05/13/2024","Cleveland","Boston",5,26,15,21,26,12
"1291","05/13/2024","Dallas","Oklahoma City",12,24,12,23,28,7
"1292","05/14/2024","New York","Indiana",15,35,12,17,19,12
"1293","05/14/2024","Denver","Minnesota",15,35,9,13,30,8
"1294","05/15/2024","Boston","Cleveland",10,23,19,9,25,13
"1295","05/15/2024","Oklahoma City","Dallas",8,27,10,10,26,14
"1296","05/16/2024","Minnesota","Denver",20,25,15,11,19,7
"1297","05/17/2024","Indiana","New York",9,40,9,18,23,13
"1298","05/18/2024","Dallas","Oklahoma City",17,26,16,13,29,15
"1299","05/19/2024","New York","Indiana",24,23,13,11,40,13
"1300","05/19/2024","Denver","Minnesota",14,26,8,26,21,10
"1301","05/21/2024","Boston","Indiana",24,32,15,9,40,13
"1302","05/22/2024","Minnesota","Dallas",11,20,18,16,37,6
"1303","05/23/2024","Boston","Indiana",17,32,15,11,33,11
"1304","05/24/2024","Minnesota","Dallas",26,23,12,15,29,12
"1305","05/25/2024","Indiana","Boston",14,41,5,20,23,16
"1306","05/26/2024","Dallas","Minnesota",26,24,14,12,34,9
"1307","05/27/2024","Indiana","Boston",12,30,10,11,26,14
"1308","05/28/2024","Dallas","Minnesota",18,20,14,16,28,11
"1309","05/30/2024","Minnesota","Dallas",17,28,10,17,31,15
"1310","06/06/2024","Boston","Dallas",13,23,16,12,28,7
"1311","06/09/2024","Boston","Dallas",19,28,10,16,32,6
"1312","06/12/2024","Dallas","Boston",14,29,9,13,21,17
"1313","06/14/2024","Dallas","Boston",15,31,15,12,15,14
"1314","06/17/2024","Boston","Dallas",17,25,13,7,24,11
